0,1.0_0,1.2_0,inf_0
2022-10-12 19:11:34.959627008,743124992.0,,
2022-10-12 19:11:35.471955968,743124992.0,,
2022-10-12 19:11:36.210792960,743124992.0,,
2022-10-12 19:11:36.465872128,743395328.0,,
2022-10-12 19:11:36.966317056,743395328.0,,
2022-10-12 19:11:37.650059008,743395328.0,,
2022-10-12 19:11:37.968545024,743395328.0,,
2022-10-12 19:11:38.477006848,744275968.0,,
2022-10-12 19:11:38.969966848,744546304.0,,
2022-10-12 19:11:39.473725952,744546304.0,,
2022-10-12 19:11:40.171497216,744816640.0,,
2022-10-12 19:11:40.473774848,744865792.0,,
2022-10-12 19:11:40.974489856,744865792.0,,
2022-10-12 19:11:41.472742144,744865792.0,,
2022-10-12 19:11:42.413805056,744902656.0,,
2022-10-12 19:11:42.472752128,745189376.0,,
2022-10-12 19:11:42.965019904,745193472.0,,
2022-10-12 19:11:43.471571968,745369600.0,,
2022-10-12 19:11:43.973076224,745369600.0,,
2022-10-12 19:11:44.471554048,745394176.0,,
2022-10-12 19:11:44.969851136,745414656.0,,
2022-10-12 19:11:45.472570880,745414656.0,,
2022-10-12 19:11:46.202708992,745414656.0,,
2022-10-12 19:11:46.968027136,745414656.0,,
2022-10-12 19:11:51.889496064,745439232.0,,
2022-10-12 19:11:51.960244992,745439232.0,,
2022-10-12 19:11:52.471128832,900562944.0,,
2022-10-12 19:11:52.961795072,1895772160.0,,
2022-10-12 19:11:53.470220032,5036711936.0,,
2022-10-12 19:11:53.960006912,7936233472.0,,
2022-10-12 19:11:54.468349952,9229885440.0,,
2022-10-12 19:11:54.959794944,9561542656.0,,
2022-10-12 19:11:55.470809856,8897339392.0,,
2022-10-12 19:11:55.963337984,10381492224.0,,
2022-10-12 19:11:56.468337152,10531721216.0,,
2022-10-12 19:11:56.959880960,9449213952.0,,
2022-10-12 19:11:57.468172032,11064209408.0,,
2022-10-12 19:11:58.418019072,7861579776.0,,
2022-10-12 19:11:58.469006080,7066173440.0,,
2022-10-12 19:11:58.960285952,9240080384.0,,
2022-10-12 19:11:59.471617024,11255169024.0,,
2022-10-12 19:11:59.960137984,13597876224.0,,
2022-10-12 19:12:00.473708032,9169985536.0,,
2022-10-12 19:12:00.962065920,10600452096.0,,
2022-10-12 19:12:01.469224960,10804883456.0,,
2022-10-12 19:12:01.960988928,9834520576.0,,
2022-10-12 19:12:02.469079040,11344035840.0,,
2022-10-12 19:12:02.959698944,8817438720.0,,
2022-10-12 19:12:03.468674816,11447877632.0,,
2022-10-12 19:12:03.961460224,12880535552.0,,
2022-10-12 19:12:04.468823808,11466797056.0,,
2022-10-12 19:12:04.960092928,10911199232.0,,
2022-10-12 19:12:05.468241920,9900511232.0,,
2022-10-12 19:12:05.960314880,10799783936.0,,
2022-10-12 19:12:06.466926080,9510629376.0,,
2022-10-12 19:12:06.970952960,11199283200.0,,
2022-10-12 19:12:07.471623936,11820642304.0,,
2022-10-12 19:12:07.960127232,11190095872.0,,
2022-10-12 19:12:08.469191168,9861820416.0,,
2022-10-12 19:12:08.960663040,10034466816.0,,
2022-10-12 19:12:09.469948160,11064524800.0,,
2022-10-12 19:12:09.959752960,12604948480.0,,
2022-10-12 19:12:10.472093184,9454424064.0,,
2022-10-12 19:12:10.960033024,10438602752.0,,
2022-10-12 19:12:11.472691968,11300106240.0,,
2022-10-12 19:12:11.962131968,8411193344.0,,
2022-10-12 19:12:12.468023040,10910433280.0,,
2022-10-12 19:12:12.964095232,11011141632.0,,
2022-10-12 19:12:13.469762048,12276371456.0,,
2022-10-12 19:12:13.959688960,9697759232.0,,
2022-10-12 19:12:14.470071040,9862868992.0,,
2022-10-12 19:12:14.960441088,9879285760.0,,
2022-10-12 19:12:15.470420992,11698737152.0,,
2022-10-12 19:12:15.959693824,8281497600.0,,
2022-10-12 19:12:16.468014080,10201030656.0,,
2022-10-12 19:12:16.960401920,12291702784.0,,
2022-10-12 19:12:17.469160192,9783078912.0,,
2022-10-12 19:12:17.960509952,10489196544.0,,
2022-10-12 19:12:18.468143872,9655635968.0,,
2022-10-12 19:12:18.959940864,12929695744.0,,
2022-10-12 19:12:19.633297920,11834925056.0,,
2022-10-12 19:12:19.959834112,8694194176.0,,
2022-10-12 19:12:20.473982208,10570858496.0,,
2022-10-12 19:12:20.966695936,10431938560.0,,
2022-10-12 19:12:21.468848896,12218748928.0,,
2022-10-12 19:12:21.978462976,8918487040.0,,
2022-10-12 19:12:22.468226048,9426534400.0,,
2022-10-12 19:12:22.961207040,11471732736.0,,
2022-10-12 19:12:23.470305792,9865715712.0,,
2022-10-12 19:12:23.960423936,10887282688.0,,
2022-10-12 19:12:24.468580864,10740858880.0,,
2022-10-12 19:12:24.960134912,10266222592.0,,
2022-10-12 19:12:25.468101888,8371265536.0,,
2022-10-12 19:12:25.959905024,11105423360.0,,
2022-10-12 19:12:26.468071936,11560857600.0,,
2022-10-12 19:12:26.960567040,9247588352.0,,
2022-10-12 19:12:27.467889152,9492058112.0,,
2022-10-12 19:12:27.959898112,10280968192.0,,
2022-10-12 19:12:28.464886784,10556461056.0,,
2022-10-12 19:12:28.959759872,11709743104.0,,
2022-10-12 19:12:29.476037120,11291455488.0,,
2022-10-12 19:12:30.344707840,9485664256.0,,
2022-10-12 19:12:30.474450944,10256695296.0,,
2022-10-12 19:12:30.959667968,8238698496.0,,
2022-10-12 19:12:31.468169984,11441369088.0,,
2022-10-12 19:12:31.959800832,11138879488.0,,
2022-10-12 19:12:32.468241920,10141667328.0,,
2022-10-12 19:12:32.960302080,10996088832.0,,
2022-10-12 19:12:33.469517056,8881463296.0,,
2022-10-12 19:12:33.960038912,8886083584.0,,
2022-10-12 19:12:34.469775872,11183505408.0,,
2022-10-12 19:12:35.305627136,10219454464.0,,
2022-10-12 19:12:35.468090112,8758976512.0,,
2022-10-12 19:12:35.959919872,9223675904.0,,
2022-10-12 19:12:36.473476864,11099717632.0,,
2022-10-12 19:12:36.960130816,10990796800.0,,
2022-10-12 19:12:37.469740032,11808415744.0,,
2022-10-12 19:12:37.960259840,8434774016.0,,
2022-10-12 19:12:38.470051072,9957883904.0,,
2022-10-12 19:12:38.960665856,10481602560.0,,
2022-10-12 19:12:39.468947968,10576424960.0,,
2022-10-12 19:12:39.959695104,8631578624.0,,
2022-10-12 19:12:40.475548928,12408012800.0,,
2022-10-12 19:12:40.964436992,10793631744.0,,
2022-10-12 19:12:41.465954048,10786856960.0,,
2022-10-12 19:12:41.960009216,13271121920.0,,
2022-10-12 19:12:42.468177152,8909574144.0,,
2022-10-12 19:12:42.959942144,9897017344.0,,
2022-10-12 19:12:43.468635136,11629535232.0,,
2022-10-12 19:12:43.960408064,8878055424.0,,
2022-10-12 19:12:44.468672000,10871148544.0,,
2022-10-12 19:12:44.960828160,9494401024.0,,
2022-10-12 19:12:45.471774976,11417825280.0,,
2022-10-12 19:12:45.960797184,8932921344.0,,
2022-10-12 19:12:46.470153984,10969567232.0,,
2022-10-12 19:12:46.960592128,12219150336.0,,
2022-10-12 19:12:47.469054976,8893652992.0,,
2022-10-12 19:12:47.960241920,9831305216.0,,
2022-10-12 19:12:48.472390912,10758639616.0,,
2022-10-12 19:12:48.959804928,9518981120.0,,
2022-10-12 19:12:49.467997184,10631356416.0,,
2022-10-12 19:12:49.959954944,10416918528.0,,
2022-10-12 19:12:50.473084928,11979698176.0,,
2022-10-12 19:12:50.960249856,11625689088.0,,
2022-10-12 19:12:51.474970112,10808868864.0,,
2022-10-12 19:12:51.960059904,11419455488.0,,
2022-10-12 19:12:52.470194176,10170064896.0,,
2022-10-12 19:12:52.960182784,9293582336.0,,
2022-10-12 19:12:53.468580864,11007201280.0,,
2022-10-12 19:12:53.960478976,12999356416.0,,
2022-10-12 19:12:54.471541760,9380134912.0,,
2022-10-12 19:12:54.960092160,8499822592.0,,
2022-10-12 19:12:55.467953920,9053601792.0,,
2022-10-12 19:12:55.960436224,11463180288.0,,
2022-10-12 19:12:56.469423104,9418919936.0,,
2022-10-12 19:12:56.960227840,10541785088.0,,
2022-10-12 19:12:57.467906048,10665541632.0,,
2022-10-12 19:12:57.960078848,10395316224.0,,
2022-10-12 19:12:58.469012992,11812909056.0,,
2022-10-12 19:12:58.960208896,12016181248.0,,
2022-10-12 19:12:59.469299968,7811809280.0,,
2022-10-12 19:12:59.959686912,11476094976.0,,
2022-10-12 19:13:00.469944064,8612769792.0,,
2022-10-12 19:13:00.959741184,12664635392.0,,
2022-10-12 19:13:01.474391040,11153604608.0,,
2022-10-12 19:13:01.960294912,9502064640.0,,
2022-10-12 19:13:02.479569920,10574409728.0,,
2022-10-12 19:13:02.967823872,11090006016.0,,
2022-10-12 19:13:03.470524928,11335720960.0,,
2022-10-12 19:13:03.960128000,9378336768.0,,
2022-10-12 19:13:04.468259072,12814733312.0,,
2022-10-12 19:13:04.960166912,9660141568.0,,
2022-10-12 19:13:05.468072960,11144544256.0,,
2022-10-12 19:13:05.960521984,9042001920.0,,
2022-10-12 19:13:06.469010176,9590951936.0,,
2022-10-12 19:13:06.960087040,11066523648.0,,
2022-10-12 19:13:07.467648000,12542038016.0,,
2022-10-12 19:13:07.959901184,11036471296.0,,
2022-10-12 19:13:08.468600064,11560353792.0,,
2022-10-12 19:13:08.959891200,10076356608.0,,
2022-10-12 19:13:09.473145856,11775369216.0,,
2022-10-12 19:13:09.960165120,9898471424.0,,
2022-10-12 19:13:10.470881024,13448114176.0,,
2022-10-12 19:13:10.960040960,12929466368.0,,
2022-10-12 19:13:11.471550976,9914773504.0,,
2022-10-12 19:13:11.959918080,8460214272.0,,
2022-10-12 19:13:12.472935936,10651205632.0,,
2022-10-12 19:13:12.960115968,9796255744.0,,
2022-10-12 19:13:13.478612992,12014608384.0,,
2022-10-12 19:13:13.967168000,10544594944.0,,
2022-10-12 19:13:14.470561024,10782502912.0,,
2022-10-12 19:13:14.961070080,10871361536.0,,
2022-10-12 19:13:15.467689984,12034011136.0,,
2022-10-12 19:13:15.960238080,8633704448.0,,
2022-10-12 19:13:16.468269056,10848747520.0,,
2022-10-12 19:13:16.960453120,11339448320.0,,
2022-10-12 19:13:17.468736000,10290176000.0,,
2022-10-12 19:13:17.960616960,8549220352.0,,
2022-10-12 19:13:18.472049920,9551527936.0,,
2022-10-12 19:13:18.959641088,10721374208.0,,
2022-10-12 19:13:19.471131136,11586129920.0,,
2022-10-12 19:13:19.960185088,13090537472.0,,
2022-10-12 19:13:20.469222912,10681044992.0,,
2022-10-12 19:13:20.960114944,9012703232.0,,
2022-10-12 19:13:21.469852928,10510938112.0,,
2022-10-12 19:13:21.959808000,11074650112.0,,
2022-10-12 19:13:22.469017856,11716526080.0,,
2022-10-12 19:13:22.959984128,9504489472.0,,
2022-10-12 19:13:23.469327872,10669699072.0,,
2022-10-12 19:13:23.959672832,9610747904.0,,
2022-10-12 19:13:24.460411136,10141437952.0,,
2022-10-12 19:13:24.964823040,10720382976.0,,
2022-10-12 19:13:25.477008128,11344728064.0,,
2022-10-12 19:13:25.959934976,10868285440.0,,
2022-10-12 19:13:26.469115904,9936617472.0,,
2022-10-12 19:13:26.960481792,12137959424.0,,
2022-10-12 19:13:27.470662144,10404478976.0,,
2022-10-12 19:13:27.959710976,8216969216.0,,
2022-10-12 19:13:28.470304000,9774665728.0,,
2022-10-12 19:13:28.960656896,13218127872.0,,
2022-10-12 19:13:29.467994880,12096053248.0,,
2022-10-12 19:13:29.959976960,8782372864.0,,
2022-10-12 19:13:30.468348928,10948382720.0,,
2022-10-12 19:13:30.959717888,11080110080.0,,
2022-10-12 19:13:31.470271232,13023518720.0,,
2022-10-12 19:13:31.960110848,11621556224.0,,
2022-10-12 19:13:32.468624128,10212597760.0,,
2022-10-12 19:13:32.960094976,9489850368.0,,
2022-10-12 19:13:33.468066816,11657584640.0,,
2022-10-12 19:13:33.960295936,9519439872.0,,
2022-10-12 19:13:34.467972096,12062736384.0,,
2022-10-12 19:13:34.960284928,10585473024.0,,
2022-10-12 19:13:35.475064064,8890900480.0,,
2022-10-12 19:13:35.962269952,9740201984.0,,
2022-10-12 19:13:36.469208064,10872152064.0,,
2022-10-12 19:13:36.959863808,10276315136.0,,
2022-10-12 19:13:37.468707072,12484296704.0,,
2022-10-12 19:13:37.960177920,13161668608.0,,
2022-10-12 19:13:38.468008960,10743521280.0,,
2022-10-12 19:13:38.960299008,8843251712.0,,
2022-10-12 19:13:39.467849984,10003910656.0,,
2022-10-12 19:13:39.959819008,13011689472.0,,
2022-10-12 19:13:40.468722176,13347622912.0,,
2022-10-12 19:13:40.959830016,9035718656.0,,
2022-10-12 19:13:41.470941184,11415433216.0,,
2022-10-12 19:13:41.960059904,10372956160.0,,
2022-10-12 19:13:42.470304000,12548694016.0,,
2022-10-12 19:13:42.959706112,11768528896.0,,
2022-10-12 19:13:43.470028032,14889693184.0,,
2022-10-12 19:13:43.960350976,10935095296.0,,
2022-10-12 19:13:44.469072128,10697826304.0,,
2022-10-12 19:13:44.959976960,11660357632.0,,
2022-10-12 19:13:45.465747200,9613996032.0,,
2022-10-12 19:13:45.961739008,9566121984.0,,
2022-10-12 19:13:46.474433024,10299858944.0,,
2022-10-12 19:13:46.959918080,9949687808.0,,
2022-10-12 19:13:47.468045056,12252692480.0,,
2022-10-12 19:13:47.960078848,9392705536.0,,
2022-10-12 19:13:48.468334848,10391240704.0,,
2022-10-12 19:13:48.960338176,11493335040.0,,
2022-10-12 19:13:49.468830208,10330230784.0,,
2022-10-12 19:13:49.960012800,10584055808.0,,
2022-10-12 19:13:50.467812096,11466297344.0,,
2022-10-12 19:13:50.959894784,12238987264.0,,
2022-10-12 19:13:51.469597952,11703865344.0,,
2022-10-12 19:13:51.960381952,9850281984.0,,
2022-10-12 19:13:52.473553920,9955979264.0,,
2022-10-12 19:13:52.960500992,11649679360.0,,
2022-10-12 19:13:53.469254912,9959108608.0,,
2022-10-12 19:13:53.960079872,12883423232.0,,
2022-10-12 19:13:54.471484928,9868103680.0,,
2022-10-12 19:13:54.959918080,12721098752.0,,
2022-10-12 19:13:55.468622080,11350196224.0,,
2022-10-12 19:13:55.960019200,10661535744.0,,
2022-10-12 19:13:56.472856064,9214353408.0,,
2022-10-12 19:13:56.959714048,8750878720.0,,
2022-10-12 19:13:57.474440192,11104456704.0,,
2022-10-12 19:13:57.964500992,13243797504.0,,
2022-10-12 19:13:58.468475136,11827990528.0,,
2022-10-12 19:13:58.959780096,11624517632.0,,
2022-10-12 19:13:59.468500992,10538790912.0,,
2022-10-12 19:13:59.959841024,10622087168.0,,
2022-10-12 19:14:00.468566016,11579789312.0,,
2022-10-12 19:14:00.960764928,12870135808.0,,
2022-10-12 19:14:01.471417856,9551609856.0,,
2022-10-12 19:14:01.959988992,10698944512.0,,
2022-10-12 19:14:02.468500992,10613972992.0,,
2022-10-12 19:14:02.960552960,12856958976.0,,
2022-10-12 19:14:03.469821952,13294403584.0,,
2022-10-12 19:14:03.960115968,9704714240.0,,
2022-10-12 19:14:04.468905984,10464735232.0,,
2022-10-12 19:14:04.959791872,13199663104.0,,
2022-10-12 19:14:05.474147072,10458394624.0,,
2022-10-12 19:14:05.959965952,9527226368.0,,
2022-10-12 19:14:06.468046848,11292848128.0,,
2022-10-12 19:14:06.960612096,11896225792.0,,
2022-10-12 19:14:07.468584960,10044608512.0,,
2022-10-12 19:14:07.959872000,11549065216.0,,
2022-10-12 19:14:08.474845952,11468115968.0,,
2022-10-12 19:14:08.960305920,10261663744.0,,
2022-10-12 19:14:09.469715968,11286282240.0,,
2022-10-12 19:14:09.961208064,12447039488.0,,
2022-10-12 19:14:10.472224000,10258173952.0,,
2022-10-12 19:14:10.959877888,11505979392.0,,
2022-10-12 19:14:11.469564928,11043454976.0,,
2022-10-12 19:14:11.959748096,11962421248.0,,
2022-10-12 19:14:12.468372224,12139782144.0,,
2022-10-12 19:14:12.960593920,10690732032.0,,
2022-10-12 19:14:13.469275904,10217418752.0,,
2022-10-12 19:14:13.960145920,12346322944.0,,
2022-10-12 19:14:14.470383872,9898061824.0,,
2022-10-12 19:14:14.960421120,8337035264.0,,
2022-10-12 19:14:15.468688896,13650997248.0,,
2022-10-12 19:14:15.959657984,10192113664.0,,
2022-10-12 19:14:16.470639104,10608898048.0,,
2022-10-12 19:14:16.959685120,10879356928.0,,
2022-10-12 19:14:17.474428928,11026874368.0,,
2022-10-12 19:14:17.967041024,11130032128.0,,
2022-10-12 19:14:18.471909120,9440862208.0,,
2022-10-12 19:14:18.960403968,11764826112.0,,
2022-10-12 19:14:19.468396800,11604746240.0,,
2022-10-12 19:14:19.959847936,9946574848.0,,
2022-10-12 19:14:20.469089024,9738661888.0,,
2022-10-12 19:14:20.960022016,9834045440.0,,
2022-10-12 19:14:21.469830144,8377151488.0,,
2022-10-12 19:14:21.960284928,9047138304.0,,
2022-10-12 19:14:22.468374016,11113873408.0,,
2022-10-12 19:14:22.960375040,10631999488.0,,
2022-10-12 19:14:23.467968000,10665779200.0,,
2022-10-12 19:14:23.960180992,9701851136.0,,
2022-10-12 19:14:24.468951040,11736993792.0,,
2022-10-12 19:14:24.960035072,9057398784.0,,
2022-10-12 19:14:25.473262080,11486920704.0,,
2022-10-12 19:14:25.964145920,10217943040.0,,
2022-10-12 19:14:26.469078016,13031141376.0,,
2022-10-12 19:14:26.960772096,9614262272.0,,
2022-10-12 19:14:27.469772032,9039101952.0,,
2022-10-12 19:14:27.960087040,13495988224.0,,
2022-10-12 19:14:28.469170944,8590360576.0,,
2022-10-12 19:14:28.959791872,10180407296.0,,
2022-10-12 19:14:29.468328960,11005313024.0,,
2022-10-12 19:14:29.960220928,12669214720.0,,
2022-10-12 19:14:30.468962816,10198110208.0,,
2022-10-12 19:14:30.960156928,11011608576.0,,
2022-10-12 19:14:31.467920896,13016596480.0,,
2022-10-12 19:14:31.960596992,9936867328.0,,
2022-10-12 19:14:32.470412032,11177459712.0,,
2022-10-12 19:14:32.960082176,10260692992.0,,
2022-10-12 19:14:33.470184960,11089420288.0,,
2022-10-12 19:14:33.960272128,11401777152.0,,
2022-10-12 19:14:34.459992832,9833074688.0,,
2022-10-12 19:14:34.965220096,10412912640.0,,
2022-10-12 19:14:35.468183040,11902205952.0,,
2022-10-12 19:14:35.960115968,10431049728.0,,
2022-10-12 19:14:36.472443136,11185164288.0,,
2022-10-12 19:14:36.959975936,12064993280.0,,
2022-10-12 19:14:37.468657920,11146133504.0,,
2022-10-12 19:14:37.959811072,10895163392.0,,
2022-10-12 19:14:38.468677120,11681714176.0,,
2022-10-12 19:14:38.960481024,10784481280.0,,
2022-10-12 19:14:39.468715008,11929866240.0,,
2022-10-12 19:14:39.960648960,10497277952.0,,
2022-10-12 19:14:40.468851200,12401627136.0,,
2022-10-12 19:14:40.960772096,12382035968.0,,
2022-10-12 19:14:41.474968832,9648697344.0,,
2022-10-12 19:14:41.959810048,10672545792.0,,
2022-10-12 19:14:42.468763136,12826226688.0,,
2022-10-12 19:14:42.959691008,10255093760.0,,
2022-10-12 19:14:43.470297088,10660990976.0,,
2022-10-12 19:14:43.959919872,8388993024.0,,
2022-10-12 19:14:44.469120000,11712901120.0,,
2022-10-12 19:14:44.960558848,12471111680.0,,
2022-10-12 19:14:45.462932992,11685556224.0,,
2022-10-12 19:14:45.968080896,9325637632.0,,
2022-10-12 19:14:46.468816128,9585606656.0,,
2022-10-12 19:14:46.959887104,9978589184.0,,
2022-10-12 19:14:47.468960000,12489404416.0,,
2022-10-12 19:14:47.959755008,12835717120.0,,
2022-10-12 19:14:48.469049856,8796168192.0,,
2022-10-12 19:14:48.959842048,10077945856.0,,
2022-10-12 19:14:49.473611008,12573278208.0,,
2022-10-12 19:14:49.959716096,11749560320.0,,
2022-10-12 19:14:50.469271040,11715264512.0,,
2022-10-12 19:14:50.961467136,9522016256.0,,
2022-10-12 19:14:51.470350080,8959651840.0,,
2022-10-12 19:14:51.961575936,11167006720.0,,
2022-10-12 19:14:52.468684032,12773335040.0,,
2022-10-12 19:14:52.959998976,11099889664.0,,
2022-10-12 19:14:53.467552000,10228056064.0,,
2022-10-12 19:14:53.959739904,10341085184.0,,
2022-10-12 19:14:54.474756096,12176654336.0,,
2022-10-12 19:14:54.959990016,11616354304.0,,
2022-10-12 19:14:55.461829888,13150613504.0,,
2022-10-12 19:14:55.966276864,9756426240.0,,
2022-10-12 19:14:56.469050880,11906588672.0,,
2022-10-12 19:14:56.960328192,10501947392.0,,
2022-10-12 19:14:57.471158016,12773117952.0,,
2022-10-12 19:14:57.959747072,10013773824.0,,
2022-10-12 19:14:58.471497984,8101736448.0,,
2022-10-12 19:14:58.960354048,8358928384.0,,
2022-10-12 19:14:59.467855872,10327961600.0,,
2022-10-12 19:14:59.959747072,11682426880.0,,
2022-10-12 19:15:00.470226176,10869141504.0,,
2022-10-12 19:15:00.960578816,9351458816.0,,
2022-10-12 19:15:01.468395008,11898732544.0,,
2022-10-12 19:15:01.960489984,10291847168.0,,
2022-10-12 19:15:02.466068992,9733865472.0,,
2022-10-12 19:15:02.959898880,10766151680.0,,
2022-10-12 19:15:03.469764864,11290603520.0,,
2022-10-12 19:15:03.960441088,13130788864.0,,
2022-10-12 19:15:04.471218176,12686082048.0,,
2022-10-12 19:15:04.960883968,13456261120.0,,
2022-10-12 19:15:05.478190848,8522874880.0,,
2022-10-12 19:15:05.960207872,13482254336.0,,
2022-10-12 19:15:06.472110080,12081184768.0,,
2022-10-12 19:15:06.960536832,11962294272.0,,
2022-10-12 19:15:07.472190976,9878929408.0,,
2022-10-12 19:15:07.960665856,9696407552.0,,
2022-10-12 19:15:08.468595968,10343763968.0,,
2022-10-12 19:15:08.960037120,11305336832.0,,
2022-10-12 19:15:09.470192896,10507255808.0,,
2022-10-12 19:15:09.959739904,10028802048.0,,
2022-10-12 19:15:10.469945856,11022192640.0,,
2022-10-12 19:15:10.959876096,12110360576.0,,
2022-10-12 19:15:11.468727040,11213082624.0,,
2022-10-12 19:15:11.960558848,10470473728.0,,
2022-10-12 19:15:12.473504000,11917201408.0,,
2022-10-12 19:15:12.959689984,11456925696.0,,
2022-10-12 19:15:13.469574912,8710180864.0,,
2022-10-12 19:15:13.959948032,10663948288.0,,
2022-10-12 19:15:14.460408064,11509198848.0,,
2022-10-12 19:15:14.960006912,10787835904.0,,
2022-10-12 19:15:15.459932928,12153528320.0,,
2022-10-12 19:15:15.964979968,11191304192.0,,
2022-10-12 19:15:16.468364032,11577921536.0,,
2022-10-12 19:15:16.960546048,10238947328.0,,
2022-10-12 19:15:17.468398080,11476475904.0,,
2022-10-12 19:15:17.960956928,12144898048.0,,
2022-10-12 19:15:18.470025984,13389164544.0,,
2022-10-12 19:15:18.960078848,12567363584.0,,
2022-10-12 19:15:19.466990848,13133139968.0,,
2022-10-12 19:15:19.960227840,8691437568.0,,
2022-10-12 19:15:20.469773056,9426563072.0,,
2022-10-12 19:15:20.960005120,11432767488.0,,
2022-10-12 19:15:21.470833920,12497674240.0,,
2022-10-12 19:15:21.960292096,11518210048.0,,
2022-10-12 19:15:22.468075008,11322261504.0,,
2022-10-12 19:15:22.959898880,11112161280.0,,
2022-10-12 19:15:23.469364992,12351774720.0,,
2022-10-12 19:15:23.960237056,11044577280.0,,
2022-10-12 19:15:24.468552960,11564568576.0,,
2022-10-12 19:15:24.959745024,12028440576.0,,
2022-10-12 19:15:25.471736064,8814170112.0,,
2022-10-12 19:15:25.959698944,10841096192.0,,
2022-10-12 19:15:26.483937024,13466636288.0,,
2022-10-12 19:15:26.959700224,10343448576.0,,
2022-10-12 19:15:27.469422080,11059351552.0,,
2022-10-12 19:15:27.959724032,11162894336.0,,
2022-10-12 19:15:28.468584960,9422950400.0,,
2022-10-12 19:15:28.960040960,12630061056.0,,
2022-10-12 19:15:29.468648960,10728284160.0,,
2022-10-12 19:15:29.960576000,10502221824.0,,
2022-10-12 19:15:30.472914944,9631424512.0,,
2022-10-12 19:15:30.959944960,9038860288.0,,
2022-10-12 19:15:31.469420032,12359712768.0,,
2022-10-12 19:15:31.961010944,10817921024.0,,
2022-10-12 19:15:32.467969024,12347002880.0,,
2022-10-12 19:15:32.959943936,9417207808.0,,
2022-10-12 19:15:33.468496128,12056096768.0,,
2022-10-12 19:15:33.960613888,10791116800.0,,
2022-10-12 19:15:34.465976064,11124527104.0,,
2022-10-12 19:15:34.959762944,13621530624.0,,
2022-10-12 19:15:35.468116992,11092234240.0,,
2022-10-12 19:15:35.960244992,13417115648.0,,
2022-10-12 19:15:36.467014144,10863714304.0,,
2022-10-12 19:15:36.959791872,10389843968.0,,
2022-10-12 19:15:37.474395904,10581295104.0,,
2022-10-12 19:15:37.962582016,10165370880.0,,
2022-10-12 19:15:38.469840128,12172304384.0,,
2022-10-12 19:15:38.960690944,11474530304.0,,
2022-10-12 19:15:39.470424064,10039709696.0,,
2022-10-12 19:15:39.960145920,13430063104.0,,
2022-10-12 19:15:40.468569088,9937293312.0,,
2022-10-12 19:15:40.959985920,10740011008.0,,
2022-10-12 19:15:41.470619904,11841581056.0,,
2022-10-12 19:15:41.959870208,10256896000.0,,
2022-10-12 19:15:42.468233984,9099952128.0,,
2022-10-12 19:15:42.959731200,11879178240.0,,
2022-10-12 19:15:43.469243136,11839111168.0,,
2022-10-12 19:15:43.959752960,9571012608.0,,
2022-10-12 19:15:44.468420864,10644635648.0,,
2022-10-12 19:15:44.960189184,14334853120.0,,
2022-10-12 19:15:45.473628928,12428185600.0,,
2022-10-12 19:15:45.960064000,9552531456.0,,
2022-10-12 19:15:46.461416960,10171559936.0,,
2022-10-12 19:15:46.962137088,11077525504.0,,
2022-10-12 19:15:47.459614976,13668012032.0,,
2022-10-12 19:15:47.959841024,12126388224.0,,
2022-10-12 19:15:48.471685888,12422123520.0,,
2022-10-12 19:15:48.959800064,10488643584.0,,
2022-10-12 19:15:49.469199872,11899158528.0,,
2022-10-12 19:15:49.959899904,12223283200.0,,
2022-10-12 19:15:50.468748032,11933474816.0,,
2022-10-12 19:15:50.960238848,11434639360.0,,
2022-10-12 19:15:51.473974016,11703734272.0,,
2022-10-12 19:15:51.960097024,10314194944.0,,
2022-10-12 19:15:52.469871104,11560017920.0,,
2022-10-12 19:15:52.959619072,10447659008.0,,
2022-10-12 19:15:53.468964096,11873996800.0,,
2022-10-12 19:15:53.959821824,10018459648.0,,
2022-10-12 19:15:54.473275904,9604616192.0,,
2022-10-12 19:15:54.960416000,11834970112.0,,
2022-10-12 19:15:55.472668928,11426295808.0,,
2022-10-12 19:15:55.960216064,11553853440.0,,
2022-10-12 19:15:56.460256000,10040008704.0,,
2022-10-12 19:15:56.962878976,9825857536.0,,
2022-10-12 19:15:57.477582848,12248190976.0,,
2022-10-12 19:15:57.959728896,10125733888.0,,
2022-10-12 19:15:58.468743936,10807357440.0,,
2022-10-12 19:15:58.960486912,10443345920.0,,
2022-10-12 19:15:59.468673024,12281618432.0,,
2022-10-12 19:15:59.959817984,10169942016.0,,
2022-10-12 19:16:00.468854016,8174673920.0,,
2022-10-12 19:16:00.960352000,11734372352.0,,
2022-10-12 19:16:01.468233216,11515809792.0,,
2022-10-12 19:16:01.959917056,11346685952.0,,
2022-10-12 19:16:02.469110016,13417283584.0,,
2022-10-12 19:16:02.960338944,10360815616.0,,
2022-10-12 19:16:03.471954176,12636811264.0,,
2022-10-12 19:16:03.960471040,12011257856.0,,
2022-10-12 19:16:04.469253120,13780160512.0,,
2022-10-12 19:16:04.959728896,10800615424.0,,
2022-10-12 19:16:05.471003136,9912795136.0,,
2022-10-12 19:16:05.960046080,11870146560.0,,
2022-10-12 19:16:06.468022016,12460118016.0,,
2022-10-12 19:16:06.960534016,9419960320.0,,
2022-10-12 19:16:07.468236800,10047946752.0,,
2022-10-12 19:16:07.959788032,10219958272.0,,
2022-10-12 19:16:08.469070080,12486680576.0,,
2022-10-12 19:16:08.961522176,9860644864.0,,
2022-10-12 19:16:09.474437120,11855855616.0,,
2022-10-12 19:16:09.960272128,10793222144.0,,
2022-10-12 19:16:10.469075968,11572236288.0,,
2022-10-12 19:16:10.961168128,10422878208.0,,
2022-10-12 19:16:11.471973888,12914704384.0,,
2022-10-12 19:16:11.960398080,9381683200.0,,
2022-10-12 19:16:12.467037952,12945567744.0,,
2022-10-12 19:16:12.959915008,12762562560.0,,
2022-10-12 19:16:13.468547072,8981299200.0,,
2022-10-12 19:16:13.960380928,10697101312.0,,
2022-10-12 19:16:14.468676096,11329310720.0,,
2022-10-12 19:16:14.961192960,12091305984.0,,
2022-10-12 19:16:15.468327936,9135878144.0,,
2022-10-12 19:16:15.960333056,10421092352.0,,
2022-10-12 19:16:16.468324864,11658719232.0,,
2022-10-12 19:16:16.960504064,13239369728.0,,
2022-10-12 19:16:17.472008960,9683861504.0,,
2022-10-12 19:16:17.960002048,9632808960.0,,
2022-10-12 19:16:18.474584064,12734976000.0,,
2022-10-12 19:16:18.959717120,8920358912.0,,
2022-10-12 19:16:19.468363008,10924126208.0,,
2022-10-12 19:16:19.960493056,11535114240.0,,
2022-10-12 19:16:20.469153792,10104078336.0,,
2022-10-12 19:16:20.961399040,9241808896.0,,
2022-10-12 19:16:21.474822144,12286050304.0,,
2022-10-12 19:16:21.968271872,11650134016.0,,
2022-10-12 19:16:22.468395008,12219604992.0,,
2022-10-12 19:16:22.960004096,8792014848.0,,
2022-10-12 19:16:23.468166144,10402500608.0,,
2022-10-12 19:16:23.959964928,9774862336.0,,
2022-10-12 19:16:24.468544000,11398799360.0,,
2022-10-12 19:16:24.959705088,11267813376.0,,
2022-10-12 19:16:25.468417024,12019740672.0,,
2022-10-12 19:16:25.959702016,8768049152.0,,
2022-10-12 19:16:26.468826112,6893838336.0,,
2022-10-12 19:16:27.713933056,4108820480.0,,
2022-10-12 19:16:27.973344000,2317373440.0,,
2022-10-12 19:16:29.008492032,2319122432.0,,
2022-10-12 19:17:17.880006144,,758132736.0,
2022-10-12 19:17:18.384560128,,758136832.0,
2022-10-12 19:17:18.918196992,,758136832.0,
2022-10-12 19:17:19.756514048,,758136832.0,
2022-10-12 19:17:19.885255168,,758136832.0,
2022-10-12 19:17:20.398579968,,758136832.0,
2022-10-12 19:17:20.899247872,,758136832.0,
2022-10-12 19:17:21.412898048,,758136832.0,
2022-10-12 19:17:21.887084032,,758136832.0,
2022-10-12 19:17:22.693202944,,758153216.0,
2022-10-12 19:17:22.888346880,,758153216.0,
2022-10-12 19:17:23.613460992,,758153216.0,
2022-10-12 19:17:23.889561856,,758153216.0,
2022-10-12 19:17:24.899794944,,758153216.0,
2022-10-12 19:17:25.383707904,,758153216.0,
2022-10-12 19:17:25.892451072,,759570432.0,
2022-10-12 19:17:26.387108096,,759570432.0,
2022-10-12 19:17:26.883919872,,759570432.0,
2022-10-12 19:17:27.389615104,,759570432.0,
2022-10-12 19:17:27.889737984,,759570432.0,
2022-10-12 19:17:28.549374208,,759570432.0,
2022-10-12 19:17:33.721849088,,759570432.0,
2022-10-12 19:17:33.881048064,,759570432.0,
2022-10-12 19:17:34.381051904,,1082732544.0,
2022-10-12 19:17:34.880775936,,5497733120.0,
2022-10-12 19:17:35.380220928,,7094312960.0,
2022-10-12 19:17:35.880312064,,10758152192.0,
2022-10-12 19:17:36.380924928,,11226566656.0,
2022-10-12 19:17:36.881457920,,9176596480.0,
2022-10-12 19:17:37.380256768,,7406571520.0,
2022-10-12 19:17:37.880072960,,10838503424.0,
2022-10-12 19:17:38.380361984,,10904801280.0,
2022-10-12 19:17:38.880007936,,11106275328.0,
2022-10-12 19:17:39.380204800,,8962711552.0,
2022-10-12 19:17:39.880189952,,10127237120.0,
2022-10-12 19:17:40.380798976,,9511108608.0,
2022-10-12 19:17:40.880267008,,8516087808.0,
2022-10-12 19:17:41.380244992,,10920706048.0,
2022-10-12 19:17:41.880052992,,8849162240.0,
2022-10-12 19:17:42.380985856,,10666835968.0,
2022-10-12 19:17:42.880367104,,11824807936.0,
2022-10-12 19:17:43.380770816,,10344525824.0,
2022-10-12 19:17:43.880211968,,10850926592.0,
2022-10-12 19:17:44.380312064,,10015506432.0,
2022-10-12 19:17:44.881020928,,9955164160.0,
2022-10-12 19:17:45.381088000,,10717872128.0,
2022-10-12 19:17:45.881135104,,11183685632.0,
2022-10-12 19:17:46.380760064,,11632762880.0,
2022-10-12 19:17:46.880105984,,8469192704.0,
2022-10-12 19:17:47.380237056,,9049432064.0,
2022-10-12 19:17:47.880259072,,10082672640.0,
2022-10-12 19:17:48.380239872,,10242867200.0,
2022-10-12 19:17:48.880613120,,9305772032.0,
2022-10-12 19:17:49.380104960,,11748012032.0,
2022-10-12 19:17:49.880756992,,9576665088.0,
2022-10-12 19:17:50.380801792,,10830999552.0,
2022-10-12 19:17:50.880656128,,9174884352.0,
2022-10-12 19:17:51.380190976,,12561481728.0,
2022-10-12 19:17:51.881003008,,9750839296.0,
2022-10-12 19:17:52.380192000,,9895591936.0,
2022-10-12 19:17:52.880080896,,8446046208.0,
2022-10-12 19:17:53.380260096,,7888941056.0,
2022-10-12 19:17:53.880145152,,10363326464.0,
2022-10-12 19:17:54.380232192,,9831907328.0,
2022-10-12 19:17:54.880105984,,9312968704.0,
2022-10-12 19:17:55.380288000,,10339524608.0,
2022-10-12 19:17:55.880635904,,9478311936.0,
2022-10-12 19:17:56.380300032,,9773527040.0,
2022-10-12 19:17:56.880248064,,10889129984.0,
2022-10-12 19:17:57.380225024,,9607868416.0,
2022-10-12 19:17:57.880173056,,11427037184.0,
2022-10-12 19:17:58.380178944,,9699004416.0,
2022-10-12 19:17:58.880001024,,11090857984.0,
2022-10-12 19:17:59.380276992,,9362350080.0,
2022-10-12 19:17:59.880134144,,9153372160.0,
2022-10-12 19:18:00.380059904,,8766042112.0,
2022-10-12 19:18:00.880660992,,10766901248.0,
2022-10-12 19:18:01.380880128,,8519241728.0,
2022-10-12 19:18:01.880440064,,9475690496.0,
2022-10-12 19:18:02.381859072,,11949797376.0,
2022-10-12 19:18:02.880103168,,8736522240.0,
2022-10-12 19:18:03.380222976,,8333516800.0,
2022-10-12 19:18:03.880399104,,10056122368.0,
2022-10-12 19:18:04.380238080,,11508715520.0,
2022-10-12 19:18:04.880472064,,10527719424.0,
2022-10-12 19:18:05.380760832,,10229473280.0,
2022-10-12 19:18:05.880086784,,9160568832.0,
2022-10-12 19:18:06.380951040,,11507863552.0,
2022-10-12 19:18:06.880310016,,8969908224.0,
2022-10-12 19:18:07.380300032,,9927999488.0,
2022-10-12 19:18:07.880167936,,11093753856.0,
2022-10-12 19:18:08.380059904,,9337782272.0,
2022-10-12 19:18:08.880905984,,8369176576.0,
2022-10-12 19:18:09.380423168,,11614801920.0,
2022-10-12 19:18:09.880135936,,11449532416.0,
2022-10-12 19:18:10.380173056,,8830836736.0,
2022-10-12 19:18:10.881705984,,10614788096.0,
2022-10-12 19:18:11.380242176,,9681260544.0,
2022-10-12 19:18:11.880131840,,9191784448.0,
2022-10-12 19:18:12.380220928,,10455842816.0,
2022-10-12 19:18:12.880954880,,9746116608.0,
2022-10-12 19:18:13.380274176,,9559044096.0,
2022-10-12 19:18:13.880125952,,9604444160.0,
2022-10-12 19:18:14.380428032,,12519043072.0,
2022-10-12 19:18:14.880454144,,10676285440.0,
2022-10-12 19:18:15.380132864,,9930608640.0,
2022-10-12 19:18:15.880240896,,10876366848.0,
2022-10-12 19:18:16.380284928,,10391687168.0,
2022-10-12 19:18:16.880933888,,11492241408.0,
2022-10-12 19:18:17.380222208,,11260628992.0,
2022-10-12 19:18:17.880424960,,9448493056.0,
2022-10-12 19:18:18.380336128,,9273442304.0,
2022-10-12 19:18:18.880564992,,9826959360.0,
2022-10-12 19:18:19.380527104,,10543071232.0,
2022-10-12 19:18:19.880152832,,10258083840.0,
2022-10-12 19:18:20.380273152,,10318155776.0,
2022-10-12 19:18:20.880253952,,11235491840.0,
2022-10-12 19:18:21.380510976,,10243665920.0,
2022-10-12 19:18:21.880680960,,10244210688.0,
2022-10-12 19:18:22.380601856,,9263083520.0,
2022-10-12 19:18:22.880242944,,11214311424.0,
2022-10-12 19:18:23.380388096,,9578004480.0,
2022-10-12 19:18:23.880139008,,11581952000.0,
2022-10-12 19:18:24.380145920,,11197337600.0,
2022-10-12 19:18:24.880054016,,9365430272.0,
2022-10-12 19:18:25.380801792,,11671973888.0,
2022-10-12 19:18:25.880091904,,10952200192.0,
2022-10-12 19:18:26.380107008,,9535033344.0,
2022-10-12 19:18:26.880985088,,10338947072.0,
2022-10-12 19:18:27.380990976,,9556172800.0,
2022-10-12 19:18:27.880530176,,10367758336.0,
2022-10-12 19:18:28.380227072,,10557169664.0,
2022-10-12 19:18:28.880315136,,10086531072.0,
2022-10-12 19:18:29.380939008,,9474981888.0,
2022-10-12 19:18:29.880090112,,11911114752.0,
2022-10-12 19:18:30.380014848,,9913278464.0,
2022-10-12 19:18:30.880009984,,9210617856.0,
2022-10-12 19:18:31.380121856,,9530368000.0,
2022-10-12 19:18:31.880079104,,8617553920.0,
2022-10-12 19:18:32.380589056,,10123685888.0,
2022-10-12 19:18:32.880692992,,9761370112.0,
2022-10-12 19:18:33.380516096,,11360817152.0,
2022-10-12 19:18:33.880887040,,9360556032.0,
2022-10-12 19:18:34.380919040,,11496284160.0,
2022-10-12 19:18:34.880340992,,12828659712.0,
2022-10-12 19:18:35.380408064,,10457108480.0,
2022-10-12 19:18:35.880570880,,9231724544.0,
2022-10-12 19:18:36.380176128,,10582007808.0,
2022-10-12 19:18:36.880145152,,9310035968.0,
2022-10-12 19:18:37.380384000,,10870284288.0,
2022-10-12 19:18:37.880307968,,9833070592.0,
2022-10-12 19:18:38.380091904,,11302580224.0,
2022-10-12 19:18:38.882662144,,9891110912.0,
2022-10-12 19:18:39.380599040,,8670314496.0,
2022-10-12 19:18:39.880495104,,7929712640.0,
2022-10-12 19:18:40.380361984,,10730684416.0,
2022-10-12 19:18:40.880798208,,10324275200.0,
2022-10-12 19:18:41.380969984,,10757476352.0,
2022-10-12 19:18:41.880389888,,10050961408.0,
2022-10-12 19:18:42.380218880,,9002913792.0,
2022-10-12 19:18:42.880739840,,9429966848.0,
2022-10-12 19:18:43.380229120,,10179633152.0,
2022-10-12 19:18:43.880073984,,10815148032.0,
2022-10-12 19:18:44.380729856,,9138774016.0,
2022-10-12 19:18:44.880179968,,8159944704.0,
2022-10-12 19:18:45.380702976,,10714062848.0,
2022-10-12 19:18:45.880153856,,9348567040.0,
2022-10-12 19:18:46.380614912,,9516810240.0,
2022-10-12 19:18:46.880565760,,10510995456.0,
2022-10-12 19:18:47.380861952,,9582456832.0,
2022-10-12 19:18:47.880402944,,8185774080.0,
2022-10-12 19:18:48.380760832,,11365507072.0,
2022-10-12 19:18:48.881059840,,9271128064.0,
2022-10-12 19:18:49.381345024,,9823252480.0,
2022-10-12 19:18:49.880986880,,10097213440.0,
2022-10-12 19:18:50.380440832,,10672812032.0,
2022-10-12 19:18:50.880273152,,10917416960.0,
2022-10-12 19:18:51.380142848,,8461520896.0,
2022-10-12 19:18:51.880513024,,11550277632.0,
2022-10-12 19:18:52.380217088,,11673219072.0,
2022-10-12 19:18:52.880718848,,8586633216.0,
2022-10-12 19:18:53.380398080,,9652342784.0,
2022-10-12 19:18:53.880207104,,11802169344.0,
2022-10-12 19:18:54.380889856,,8994361344.0,
2022-10-12 19:18:54.880640000,,11780632576.0,
2022-10-12 19:18:55.380423936,,10938253312.0,
2022-10-12 19:18:55.880225024,,9511645184.0,
2022-10-12 19:18:56.380876032,,9345376256.0,
2022-10-12 19:18:56.881544960,,9309835264.0,
2022-10-12 19:18:57.380603904,,8160956416.0,
2022-10-12 19:18:57.883380992,,10642243584.0,
2022-10-12 19:18:58.380423168,,9244631040.0,
2022-10-12 19:18:58.880525056,,9570816000.0,
2022-10-12 19:18:59.380279040,,8189693952.0,
2022-10-12 19:18:59.880815872,,11188125696.0,
2022-10-12 19:19:00.381020160,,11499356160.0,
2022-10-12 19:19:00.880302848,,9285451776.0,
2022-10-12 19:19:01.380090112,,10691756032.0,
2022-10-12 19:19:01.880827904,,8829870080.0,
2022-10-12 19:19:02.380666880,,9447624704.0,
2022-10-12 19:19:02.880466944,,10831888384.0,
2022-10-12 19:19:03.380877056,,11468988416.0,
2022-10-12 19:19:03.880256000,,9882882048.0,
2022-10-12 19:19:04.380093184,,10642604032.0,
2022-10-12 19:19:04.880253184,,11069710336.0,
2022-10-12 19:19:05.380630016,,9302523904.0,
2022-10-12 19:19:05.880099072,,9263869952.0,
2022-10-12 19:19:06.380688896,,9679601664.0,
2022-10-12 19:19:06.880908032,,10449780736.0,
2022-10-12 19:19:07.380111104,,11886608384.0,
2022-10-12 19:19:07.880623104,,10686337024.0,
2022-10-12 19:19:08.380112896,,9039958016.0,
2022-10-12 19:19:08.880665088,,10792620032.0,
2022-10-12 19:19:09.380484096,,8965263360.0,
2022-10-12 19:19:09.880579072,,11250696192.0,
2022-10-12 19:19:10.380664064,,10378416128.0,
2022-10-12 19:19:10.880083968,,10098778112.0,
2022-10-12 19:19:11.380662016,,7911702528.0,
2022-10-12 19:19:11.880608000,,10261856256.0,
2022-10-12 19:19:12.380642816,,11146309632.0,
2022-10-12 19:19:12.880665088,,10158010368.0,
2022-10-12 19:19:13.380641024,,8007835648.0,
2022-10-12 19:19:13.880444160,,11280588800.0,
2022-10-12 19:19:14.380177920,,10105352192.0,
2022-10-12 19:19:14.880894976,,12469727232.0,
2022-10-12 19:19:15.380485888,,10309484544.0,
2022-10-12 19:19:15.884332032,,9330421760.0,
2022-10-12 19:19:16.380142848,,11544272896.0,
2022-10-12 19:19:16.880760832,,11580641280.0,
2022-10-12 19:19:17.381037824,,8213106688.0,
2022-10-12 19:19:17.880549888,,11447160832.0,
2022-10-12 19:19:18.380251904,,11459112960.0,
2022-10-12 19:19:18.880739072,,8917684224.0,
2022-10-12 19:19:19.380565760,,10447675392.0,
2022-10-12 19:19:19.880719872,,9808998400.0,
2022-10-12 19:19:20.380774912,,9274703872.0,
2022-10-12 19:19:20.880558848,,11154649088.0,
2022-10-12 19:19:21.380388864,,10137264128.0,
2022-10-12 19:19:21.880829952,,7909269504.0,
2022-10-12 19:19:22.380379904,,8894402560.0,
2022-10-12 19:19:22.880022016,,10307416064.0,
2022-10-12 19:19:23.380798208,,8999481344.0,
2022-10-12 19:19:23.880364800,,10583351296.0,
2022-10-12 19:19:24.380354816,,10123943936.0,
2022-10-12 19:19:24.880333056,,11147378688.0,
2022-10-12 19:19:25.380289024,,10386161664.0,
2022-10-12 19:19:25.880804096,,9276112896.0,
2022-10-12 19:19:26.380357888,,10863484928.0,
2022-10-12 19:19:26.880302080,,10616614912.0,
2022-10-12 19:19:27.380072960,,9186811904.0,
2022-10-12 19:19:27.880403968,,11660238848.0,
2022-10-12 19:19:28.380208128,,10748473344.0,
2022-10-12 19:19:28.880589056,,8348049408.0,
2022-10-12 19:19:29.380118016,,9658355712.0,
2022-10-12 19:19:29.880454912,,9942089728.0,
2022-10-12 19:19:30.380311040,,10541223936.0,
2022-10-12 19:19:30.880360960,,10220527616.0,
2022-10-12 19:19:31.380135168,,9924939776.0,
2022-10-12 19:19:31.880329984,,11301154816.0,
2022-10-12 19:19:32.380078080,,10847186944.0,
2022-10-12 19:19:32.881078016,,10898735104.0,
2022-10-12 19:19:33.380409856,,11911847936.0,
2022-10-12 19:19:33.880680960,,9225494528.0,
2022-10-12 19:19:34.380250880,,9544364032.0,
2022-10-12 19:19:34.880080896,,9201958912.0,
2022-10-12 19:19:35.380197888,,9755516928.0,
2022-10-12 19:19:35.880919808,,10057494528.0,
2022-10-12 19:19:36.380752128,,12217348096.0,
2022-10-12 19:19:36.880715008,,9616826368.0,
2022-10-12 19:19:37.380617984,,9525788672.0,
2022-10-12 19:19:37.880239104,,10291941376.0,
2022-10-12 19:19:38.380520192,,10388262912.0,
2022-10-12 19:19:38.880048896,,9813716992.0,
2022-10-12 19:19:39.380764928,,9791381504.0,
2022-10-12 19:19:39.880805120,,11014148096.0,
2022-10-12 19:19:40.380328960,,10539626496.0,
2022-10-12 19:19:40.880420864,,9205293056.0,
2022-10-12 19:19:41.380914944,,10698887168.0,
2022-10-12 19:19:41.880870144,,10211139584.0,
2022-10-12 19:19:42.380163840,,10478080000.0,
2022-10-12 19:19:42.880096000,,10357305344.0,
2022-10-12 19:19:43.380088064,,8898498560.0,
2022-10-12 19:19:43.880399104,,8708751360.0,
2022-10-12 19:19:44.380305920,,10667679744.0,
2022-10-12 19:19:44.880485888,,10209751040.0,
2022-10-12 19:19:45.380388864,,11626631168.0,
2022-10-12 19:19:45.880017152,,10997993472.0,
2022-10-12 19:19:46.380176128,,9110609920.0,
2022-10-12 19:19:46.880119040,,10652524544.0,
2022-10-12 19:19:47.380322048,,11215695872.0,
2022-10-12 19:19:47.880111872,,10111442944.0,
2022-10-12 19:19:48.380867072,,8473448448.0,
2022-10-12 19:19:48.880093184,,8651485184.0,
2022-10-12 19:19:49.380914944,,11351773184.0,
2022-10-12 19:19:49.880701952,,11009200128.0,
2022-10-12 19:19:50.380100864,,9918894080.0,
2022-10-12 19:19:50.880596992,,10379243520.0,
2022-10-12 19:19:51.380677888,,9770651648.0,
2022-10-12 19:19:51.880090880,,11857207296.0,
2022-10-12 19:19:52.380186112,,10296672256.0,
2022-10-12 19:19:52.880243968,,10602635264.0,
2022-10-12 19:19:53.380779008,,10477309952.0,
2022-10-12 19:19:53.880795904,,8909844480.0,
2022-10-12 19:19:54.380111872,,10991067136.0,
2022-10-12 19:19:54.880229120,,12071931904.0,
2022-10-12 19:19:55.380538880,,10278711296.0,
2022-10-12 19:19:55.880090112,,10074079232.0,
2022-10-12 19:19:56.380456960,,11227402240.0,
2022-10-12 19:19:56.880338944,,10805551104.0,
2022-10-12 19:19:57.380819200,,10968555520.0,
2022-10-12 19:19:57.880665088,,9455312896.0,
2022-10-12 19:19:58.380315904,,11171835904.0,
2022-10-12 19:19:58.880599040,,12855812096.0,
2022-10-12 19:19:59.380392960,,9528279040.0,
2022-10-12 19:19:59.880179968,,10092085248.0,
2022-10-12 19:20:00.380973056,,12271951872.0,
2022-10-12 19:20:00.880800000,,10259419136.0,
2022-10-12 19:20:01.380812032,,9247092736.0,
2022-10-12 19:20:01.880222976,,8627482624.0,
2022-10-12 19:20:02.380937984,,10997784576.0,
2022-10-12 19:20:02.880728064,,11007586304.0,
2022-10-12 19:20:03.380275968,,9833029632.0,
2022-10-12 19:20:03.880919808,,8409219072.0,
2022-10-12 19:20:04.380800000,,9860358144.0,
2022-10-12 19:20:04.880728064,,9840455680.0,
2022-10-12 19:20:05.380721152,,9354596352.0,
2022-10-12 19:20:05.880545024,,10324115456.0,
2022-10-12 19:20:06.380548096,,9902333952.0,
2022-10-12 19:20:06.880857856,,11194142720.0,
2022-10-12 19:20:07.380548096,,9392046080.0,
2022-10-12 19:20:07.880076032,,10139197440.0,
2022-10-12 19:20:08.380803072,,12127408128.0,
2022-10-12 19:20:08.880166144,,10422726656.0,
2022-10-12 19:20:09.380228096,,9587384320.0,
2022-10-12 19:20:09.880767232,,9420849152.0,
2022-10-12 19:20:10.380079104,,12320096256.0,
2022-10-12 19:20:10.880281856,,11249020928.0,
2022-10-12 19:20:11.380669184,,10212540416.0,
2022-10-12 19:20:11.880276992,,11040546816.0,
2022-10-12 19:20:12.380808960,,10718801920.0,
2022-10-12 19:20:12.881010944,,9724993536.0,
2022-10-12 19:20:13.381017856,,10387562496.0,
2022-10-12 19:20:13.880520960,,11609481216.0,
2022-10-12 19:20:14.380796928,,10938605568.0,
2022-10-12 19:20:14.880080896,,9051987968.0,
2022-10-12 19:20:15.380259072,,9855787008.0,
2022-10-12 19:20:15.880878080,,9323397120.0,
2022-10-12 19:20:16.380306944,,9793708032.0,
2022-10-12 19:20:16.880454144,,10610110464.0,
2022-10-12 19:20:17.380136960,,10907828224.0,
2022-10-12 19:20:17.880080896,,10296037376.0,
2022-10-12 19:20:18.380058880,,10539122688.0,
2022-10-12 19:20:18.880773120,,9448566784.0,
2022-10-12 19:20:19.380948992,,9904955392.0,
2022-10-12 19:20:19.880806912,,9601150976.0,
2022-10-12 19:20:20.380119040,,9269125120.0,
2022-10-12 19:20:20.880408064,,11778822144.0,
2022-10-12 19:20:21.380553984,,9286819840.0,
2022-10-12 19:20:21.880091904,,11515322368.0,
2022-10-12 19:20:22.380965120,,11778048000.0,
2022-10-12 19:20:22.880680192,,11210727424.0,
2022-10-12 19:20:23.380577024,,8943562752.0,
2022-10-12 19:20:23.880412160,,9692422144.0,
2022-10-12 19:20:24.380060928,,11910696960.0,
2022-10-12 19:20:24.880786944,,10181357568.0,
2022-10-12 19:20:25.380534784,,9330937856.0,
2022-10-12 19:20:25.880982016,,11320524800.0,
2022-10-12 19:20:26.380418048,,10836320256.0,
2022-10-12 19:20:26.880844032,,10276835328.0,
2022-10-12 19:20:27.380964096,,9945464832.0,
2022-10-12 19:20:27.880347904,,11038187520.0,
2022-10-12 19:20:29.282628096,,13457448960.0,
2022-10-12 19:20:29.381294848,,10088767488.0,
2022-10-12 19:20:29.880086016,,9028784128.0,
2022-10-12 19:20:30.380145152,,8703778816.0,
2022-10-12 19:20:30.880229120,,10879598592.0,
2022-10-12 19:20:31.380742144,,9894645760.0,
2022-10-12 19:20:31.881448960,,10050048000.0,
2022-10-12 19:20:32.381042944,,9168211968.0,
2022-10-12 19:20:32.880605952,,10756235264.0,
2022-10-12 19:20:33.380073984,,9816780800.0,
2022-10-12 19:20:33.880724992,,10200670208.0,
2022-10-12 19:20:34.380985088,,12017668096.0,
2022-10-12 19:20:34.880211968,,10191179776.0,
2022-10-12 19:20:35.380204032,,8845168640.0,
2022-10-12 19:20:35.880101888,,10064371712.0,
2022-10-12 19:20:36.380390912,,10993713152.0,
2022-10-12 19:20:36.880510208,,10979565568.0,
2022-10-12 19:20:37.380352000,,10983784448.0,
2022-10-12 19:20:37.880420864,,12316938240.0,
2022-10-12 19:20:38.380588032,,9822027776.0,
2022-10-12 19:20:38.880893952,,10381250560.0,
2022-10-12 19:20:39.387049984,,9499156480.0,
2022-10-12 19:20:39.880434944,,10438963200.0,
2022-10-12 19:20:40.381214976,,10132365312.0,
2022-10-12 19:20:40.880965888,,9324437504.0,
2022-10-12 19:20:41.390296064,,9982226432.0,
2022-10-12 19:20:41.882304000,,12009103360.0,
2022-10-12 19:20:42.380372992,,10723614720.0,
2022-10-12 19:20:42.881957120,,9505398784.0,
2022-10-12 19:20:43.380271872,,11419885568.0,
2022-10-12 19:20:43.880225792,,11460034560.0,
2022-10-12 19:20:44.380617984,,9798656000.0,
2022-10-12 19:20:44.880541952,,9708875776.0,
2022-10-12 19:20:45.380712960,,10807668736.0,
2022-10-12 19:20:45.880084992,,10188750848.0,
2022-10-12 19:20:46.380715008,,9362427904.0,
2022-10-12 19:20:46.880100864,,10688524288.0,
2022-10-12 19:20:47.380114944,,11298627584.0,
2022-10-12 19:20:47.882313984,,8967458816.0,
2022-10-12 19:20:48.380225792,,9643114496.0,
2022-10-12 19:20:48.880433152,,10684198912.0,
2022-10-12 19:20:49.380055040,,10089189376.0,
2022-10-12 19:20:49.880364800,,9598533632.0,
2022-10-12 19:20:50.380243968,,11444301824.0,
2022-10-12 19:20:50.880796928,,10515353600.0,
2022-10-12 19:20:51.380677888,,11424931840.0,
2022-10-12 19:20:51.880132864,,9447616512.0,
2022-10-12 19:20:52.380517120,,9053667328.0,
2022-10-12 19:20:52.880537088,,10971123712.0,
2022-10-12 19:20:53.380547072,,11025797120.0,
2022-10-12 19:20:53.880524032,,11862753280.0,
2022-10-12 19:20:54.381953024,,10651840512.0,
2022-10-12 19:20:54.881360128,,10972864512.0,
2022-10-12 19:20:55.381742848,,10314612736.0,
2022-10-12 19:20:55.880690944,,11341312000.0,
2022-10-12 19:20:56.380239872,,9878786048.0,
2022-10-12 19:20:56.880416000,,10478624768.0,
2022-10-12 19:20:57.380235008,,9916542976.0,
2022-10-12 19:20:57.880040960,,8644063232.0,
2022-10-12 19:20:58.380601856,,10929823744.0,
2022-10-12 19:20:58.880732160,,9766088704.0,
2022-10-12 19:20:59.380055808,,9878695936.0,
2022-10-12 19:20:59.880348928,,11079831552.0,
2022-10-12 19:21:00.380199936,,10328215552.0,
2022-10-12 19:21:00.880718848,,11542794240.0,
2022-10-12 19:21:01.380340992,,10066161664.0,
2022-10-12 19:21:01.880076032,,12213760000.0,
2022-10-12 19:21:02.380986880,,10757234688.0,
2022-10-12 19:21:02.880517888,,8803790848.0,
2022-10-12 19:21:03.380150016,,9320722432.0,
2022-10-12 19:21:03.880267008,,11059666944.0,
2022-10-12 19:21:04.380111104,,9876348928.0,
2022-10-12 19:21:04.880985088,,10071146496.0,
2022-10-12 19:21:05.380538880,,11656269824.0,
2022-10-12 19:21:05.881315072,,9488932864.0,
2022-10-12 19:21:06.380403968,,11094753280.0,
2022-10-12 19:21:06.881714176,,11019149312.0,
2022-10-12 19:21:07.380808960,,11351289856.0,
2022-10-12 19:21:07.880704000,,8953085952.0,
2022-10-12 19:21:08.380329984,,11947421696.0,
2022-10-12 19:21:08.880388096,,11315343360.0,
2022-10-12 19:21:09.380281088,,10073276416.0,
2022-10-12 19:21:09.880088064,,10622218240.0,
2022-10-12 19:21:10.380374016,,12031619072.0,
2022-10-12 19:21:10.880465920,,9601007616.0,
2022-10-12 19:21:11.380269056,,10395516928.0,
2022-10-12 19:21:11.880097024,,10387763200.0,
2022-10-12 19:21:12.380763904,,10144358400.0,
2022-10-12 19:21:12.880203008,,12185792512.0,
2022-10-12 19:21:13.381037824,,10751483904.0,
2022-10-12 19:21:13.881100032,,11034636288.0,
2022-10-12 19:21:14.380267008,,8806346752.0,
2022-10-12 19:21:14.880228096,,9592291328.0,
2022-10-12 19:21:15.380616960,,12577558528.0,
2022-10-12 19:21:15.880918016,,10112282624.0,
2022-10-12 19:21:16.380579072,,10119352320.0,
2022-10-12 19:21:16.880139008,,11507605504.0,
2022-10-12 19:21:17.380489216,,10200678400.0,
2022-10-12 19:21:17.880914944,,10942259200.0,
2022-10-12 19:21:18.380135936,,12056145920.0,
2022-10-12 19:21:18.880219904,,10446442496.0,
2022-10-12 19:21:19.380101888,,11304448000.0,
2022-10-12 19:21:19.880652032,,9562673152.0,
2022-10-12 19:21:20.380151040,,10853421056.0,
2022-10-12 19:21:20.880219904,,9584779264.0,
2022-10-12 19:21:21.380819968,,10660200448.0,
2022-10-12 19:21:21.880317952,,12326547456.0,
2022-10-12 19:21:22.380276992,,10994212864.0,
2022-10-12 19:21:22.880929024,,9286721536.0,
2022-10-12 19:21:23.382391808,,12371050496.0,
2022-10-12 19:21:23.880134144,,11816120320.0,
2022-10-12 19:21:24.380872960,,10851971072.0,
2022-10-12 19:21:24.880193024,,10455789568.0,
2022-10-12 19:21:25.380984064,,11535978496.0,
2022-10-12 19:21:25.880331008,,10679009280.0,
2022-10-12 19:21:26.380346112,,9588518912.0,
2022-10-12 19:21:26.880059904,,10396000256.0,
2022-10-12 19:21:27.380747008,,10859233280.0,
2022-10-12 19:21:27.880093952,,11268370432.0,
2022-10-12 19:21:28.380217088,,11637587968.0,
2022-10-12 19:21:28.880017920,,10637488128.0,
2022-10-12 19:21:29.380676864,,9755848704.0,
2022-10-12 19:21:29.880894976,,10351398912.0,
2022-10-12 19:21:30.380918016,,10308169728.0,
2022-10-12 19:21:30.880796928,,11282178048.0,
2022-10-12 19:21:31.380584960,,11196264448.0,
2022-10-12 19:21:31.880091904,,10004271104.0,
2022-10-12 19:21:32.380530176,,10201088000.0,
2022-10-12 19:21:32.880406016,,9607471104.0,
2022-10-12 19:21:33.380126976,,11084984320.0,
2022-10-12 19:21:33.880880128,,9508691968.0,
2022-10-12 19:21:34.380713984,,10066116608.0,
2022-10-12 19:21:34.880118016,,11687620608.0,
2022-10-12 19:21:35.380798976,,9088827392.0,
2022-10-12 19:21:35.880251904,,11373514752.0,
2022-10-12 19:21:36.380637952,,8939978752.0,
2022-10-12 19:21:36.881042944,,10736164864.0,
2022-10-12 19:21:37.380171008,,11132383232.0,
2022-10-12 19:21:37.880163072,,9852542976.0,
2022-10-12 19:21:38.380364032,,11414818816.0,
2022-10-12 19:21:38.880422144,,9403854848.0,
2022-10-12 19:21:39.380505088,,10606227456.0,
2022-10-12 19:21:39.880242176,,10096898048.0,
2022-10-12 19:21:40.380502016,,10208067584.0,
2022-10-12 19:21:40.880090880,,11566800896.0,
2022-10-12 19:21:41.380080896,,10061963264.0,
2022-10-12 19:21:41.880502016,,10813935616.0,
2022-10-12 19:21:42.380489984,,9209294848.0,
2022-10-12 19:21:42.880583936,,10972942336.0,
2022-10-12 19:21:43.380531200,,12366139392.0,
2022-10-12 19:21:43.880631808,,9151688704.0,
2022-10-12 19:21:44.380539904,,9941274624.0,
2022-10-12 19:21:44.880168960,,11594293248.0,
2022-10-12 19:21:45.380558080,,9209499648.0,
2022-10-12 19:21:45.880187136,,10738102272.0,
2022-10-12 19:21:46.380768000,,11085357056.0,
2022-10-12 19:21:46.880249856,,10094538752.0,
2022-10-12 19:21:47.380343808,,9987330048.0,
2022-10-12 19:21:47.880366080,,11621048320.0,
2022-10-12 19:21:48.380032000,,10746216448.0,
2022-10-12 19:21:48.880798208,,9818259456.0,
2022-10-12 19:21:49.380827904,,9762992128.0,
2022-10-12 19:21:49.880526080,,10186276864.0,
2022-10-12 19:21:50.380250880,,11339919360.0,
2022-10-12 19:21:50.880146944,,11108208640.0,
2022-10-12 19:21:51.380609024,,10158272512.0,
2022-10-12 19:21:51.880800000,,11547820032.0,
2022-10-12 19:21:52.380505088,,10268983296.0,
2022-10-12 19:21:52.880937984,,9237839872.0,
2022-10-12 19:21:53.380475904,,9137434624.0,
2022-10-12 19:21:53.880114944,,12163694592.0,
2022-10-12 19:21:54.380513024,,10922131456.0,
2022-10-12 19:21:54.880794112,,11868626944.0,
2022-10-12 19:21:55.380951040,,6721232896.0,
2022-10-12 19:21:55.884641024,,3741773824.0,
2022-10-12 19:23:09.976231936,,,753459200.0
2022-10-12 19:23:10.715190784,,,753459200.0
2022-10-12 19:23:10.989209856,,,753483776.0
2022-10-12 19:23:12.010963968,,,753483776.0
2022-10-12 19:23:12.487799040,,,753483776.0
2022-10-12 19:23:13.314251008,,,753483776.0
2022-10-12 19:23:13.486254080,,,753483776.0
2022-10-12 19:23:13.990451968,,,753483776.0
2022-10-12 19:23:14.477832960,,,753483776.0
2022-10-12 19:23:15.362756096,,,753483776.0
2022-10-12 19:23:15.482820864,,,753483776.0
2022-10-12 19:23:16.541837056,,,753483776.0
2022-10-12 19:23:17.001029888,,,753483776.0
2022-10-12 19:23:17.489387008,,,753549312.0
2022-10-12 19:23:17.990951168,,,753549312.0
2022-10-12 19:23:18.477766912,,,753549312.0
2022-10-12 19:23:19.341432064,,,753549312.0
2022-10-12 19:23:19.478977024,,,753549312.0
2022-10-12 19:23:19.992680192,,,754049024.0
2022-10-12 19:23:20.483834112,,,754049024.0
2022-10-12 19:23:21.389910016,,,754049024.0
2022-10-12 19:23:26.405360896,,,754049024.0
2022-10-12 19:23:26.477240064,,,754049024.0
2022-10-12 19:23:26.976721152,,,1107390464.0
2022-10-12 19:23:27.476664064,,,3392614400.0
2022-10-12 19:23:27.976582912,,,6317928448.0
2022-10-12 19:23:28.484685824,,,9419247616.0
2022-10-12 19:23:28.977182976,,,13868236800.0
2022-10-12 19:23:29.476660992,,,16485150720.0
2022-10-12 19:23:29.979672064,,,18998173696.0
2022-10-12 19:23:30.476727040,,,21302059008.0
2022-10-12 19:23:30.976308224,,,21307686912.0
2022-10-12 19:23:31.479340032,,,22058704896.0
2022-10-12 19:23:31.976553984,,,24007548928.0
2022-10-12 19:23:32.477180928,,,25019473920.0
2022-10-12 19:23:32.976395008,,,25430945792.0
2022-10-12 19:23:33.476294144,,,27716313088.0
2022-10-12 19:23:33.976419072,,,28779069440.0
2022-10-12 19:23:34.480817920,,,29243498496.0
2022-10-12 19:23:34.977092096,,,30113488896.0
2022-10-12 19:23:35.476712960,,,33151033344.0
2022-10-12 19:23:35.976736000,,,36293648384.0
2022-10-12 19:23:36.476510976,,,33543323648.0
2022-10-12 19:23:36.976231936,,,34310041600.0
2022-10-12 19:23:37.477896960,,,34742272000.0
2022-10-12 19:23:37.979855104,,,34159095808.0
2022-10-12 19:23:38.483810816,,,34350166016.0
2022-10-12 19:23:38.976228864,,,32595271680.0
2022-10-12 19:23:39.476922112,,,35512045568.0
2022-10-12 19:23:39.976944896,,,34737172480.0
2022-10-12 19:23:40.477184000,,,32520646656.0
2022-10-12 19:23:40.977044992,,,33905229824.0
2022-10-12 19:23:41.477036032,,,34174660608.0
2022-10-12 19:23:41.976798976,,,35240361984.0
2022-10-12 19:23:42.477029120,,,32631009280.0
2022-10-12 19:23:42.976360960,,,34349088768.0
2022-10-12 19:23:43.476290816,,,32128221184.0
2022-10-12 19:23:43.977096192,,,33558528000.0
2022-10-12 19:23:44.476392960,,,36079419392.0
2022-10-12 19:23:44.977037824,,,32948920320.0
2022-10-12 19:23:45.476356864,,,32418533376.0
2022-10-12 19:23:45.976572160,,,36570382336.0
2022-10-12 19:23:46.480206848,,,34165829632.0
2022-10-12 19:23:46.983161856,,,34846572544.0
2022-10-12 19:23:47.476672000,,,36844867584.0
2022-10-12 19:23:47.979932928,,,37209755648.0
2022-10-12 19:23:48.476805888,,,34340253696.0
2022-10-12 19:23:48.976731136,,,36740677632.0
2022-10-12 19:23:49.476870912,,,33455194112.0
2022-10-12 19:23:49.977174016,,,33051017216.0
2022-10-12 19:23:50.476968960,,,33046986752.0
2022-10-12 19:23:50.976238848,,,35838066688.0
2022-10-12 19:23:51.476773120,,,34980933632.0
2022-10-12 19:23:51.976391168,,,36210135040.0
2022-10-12 19:23:52.476347904,,,35164483584.0
2022-10-12 19:23:52.976567040,,,34452176896.0
2022-10-12 19:23:53.476327936,,,35550707712.0
2022-10-12 19:23:53.976264960,,,36377640960.0
2022-10-12 19:23:54.483567872,,,38264369152.0
2022-10-12 19:23:54.982778112,,,37462327296.0
2022-10-12 19:23:55.476739840,,,35989753856.0
2022-10-12 19:23:55.977080064,,,38744039424.0
2022-10-12 19:23:56.477463040,,,34804072448.0
2022-10-12 19:23:56.976918016,,,37401792512.0
2022-10-12 19:23:57.477140992,,,39012917248.0
2022-10-12 19:23:57.976802048,,,40264228864.0
2022-10-12 19:23:58.476957952,,,36500201472.0
2022-10-12 19:23:58.976730112,,,39936761856.0
2022-10-12 19:23:59.476741120,,,40564224000.0
2022-10-12 19:23:59.977040128,,,39105282048.0
2022-10-12 19:24:00.481131008,,,38450032640.0
2022-10-12 19:24:00.976801024,,,41168211968.0
2022-10-12 19:24:01.476336896,,,39597613056.0
2022-10-12 19:24:01.976527872,,,41001242624.0
2022-10-12 19:24:02.483174144,,,40970608640.0
2022-10-12 19:24:02.984509952,,,36243947520.0
2022-10-12 19:24:03.477092864,,,37553340416.0
2022-10-12 19:24:03.980164096,,,42353676288.0
2022-10-12 19:24:04.476313088,,,38219120640.0
2022-10-12 19:24:04.976690944,,,38361309184.0
2022-10-12 19:24:05.476600832,,,40738250752.0
2022-10-12 19:24:05.977464832,,,38244487168.0
2022-10-12 19:24:06.476363776,,,37530308608.0
2022-10-12 19:24:06.976655872,,,36777652224.0
2022-10-12 19:24:07.477056000,,,37748936704.0
2022-10-12 19:24:07.976525056,,,38489288704.0
2022-10-12 19:24:08.478624000,,,39387381760.0
2022-10-12 19:24:08.977127168,,,41993076736.0
2022-10-12 19:24:09.476924928,,,36547436544.0
2022-10-12 19:24:09.976430848,,,36190363648.0
2022-10-12 19:24:10.481368064,,,39084265472.0
2022-10-12 19:24:10.984598016,,,37500231680.0
2022-10-12 19:24:11.476978944,,,39654252544.0
2022-10-12 19:24:11.976721920,,,40625049600.0
2022-10-12 19:24:12.477092864,,,39026634752.0
2022-10-12 19:24:12.976356096,,,41418313728.0
2022-10-12 19:24:13.476524032,,,41904717824.0
2022-10-12 19:24:13.977308160,,,41246646272.0
2022-10-12 19:24:14.476798976,,,41856528384.0
2022-10-12 19:24:14.979921152,,,42881253376.0
2022-10-12 19:24:15.477332224,,,43171999744.0
2022-10-12 19:24:15.976430848,,,42610667520.0
2022-10-12 19:24:16.480706048,,,40334098432.0
2022-10-12 19:24:16.980824832,,,43655876608.0
2022-10-12 19:24:17.485271040,,,42451034112.0
2022-10-12 19:24:17.977916928,,,42086486016.0
2022-10-12 19:24:18.476262144,,,44238057472.0
2022-10-12 19:24:18.976645888,,,45129822208.0
2022-10-12 19:24:19.476735232,,,45706141696.0
2022-10-12 19:24:19.977211904,,,45907505152.0
2022-10-12 19:24:20.477438976,,,46126075904.0
2022-10-12 19:24:20.976569856,,,47202496512.0
2022-10-12 19:24:21.476519936,,,48890265600.0
2022-10-12 19:24:21.977658112,,,46272294912.0
2022-10-12 19:24:22.476672768,,,48986959872.0
2022-10-12 19:24:22.977540864,,,48602165248.0
2022-10-12 19:24:23.477881856,,,49493729280.0
2022-10-12 19:24:23.977327104,,,47805091840.0
2022-10-12 19:24:24.476429824,,,50900381696.0
2022-10-12 19:24:24.981442816,,,50627055616.0
2022-10-12 19:24:25.476624128,,,52681109504.0
2022-10-12 19:24:25.977193984,,,53310189568.0
2022-10-12 19:24:26.484472064,,,52179742720.0
2022-10-12 19:24:26.976942080,,,50038202368.0
2022-10-12 19:24:27.481390080,,,54071410688.0
2022-10-12 19:24:27.983342848,,,53460627456.0
2022-10-12 19:24:28.476270080,,,49857265664.0
2022-10-12 19:24:28.976699136,,,53313073152.0
2022-10-12 19:24:29.477736960,,,56020942848.0
2022-10-12 19:24:29.976468992,,,57008668672.0
2022-10-12 19:24:30.477987072,,,53200932864.0
2022-10-12 19:24:30.976680960,,,53688311808.0
2022-10-12 19:24:31.476790784,,,55262576640.0
2022-10-12 19:24:31.976872960,,,55751958528.0
2022-10-12 19:24:32.476481024,,,54661009408.0
2022-10-12 19:24:32.976526848,,,58106626048.0
2022-10-12 19:24:33.478321920,,,55295389696.0
2022-10-12 19:24:33.976946944,,,55891648512.0
2022-10-12 19:24:34.477606912,,,55213363200.0
2022-10-12 19:24:34.977210880,,,55636922368.0
2022-10-12 19:24:35.490905088,,,59594502144.0
2022-10-12 19:24:35.977092096,,,56154951680.0
2022-10-12 19:24:36.482162944,,,59877457920.0
2022-10-12 19:24:36.976419840,,,57943351296.0
2022-10-12 19:24:37.476502784,,,57600942080.0
2022-10-12 19:24:37.979726080,,,57581334528.0
2022-10-12 19:24:38.476304896,,,58182729728.0
2022-10-12 19:24:38.976464896,,,59918012416.0
2022-10-12 19:24:39.478409984,,,57292779520.0
2022-10-12 19:24:39.976371968,,,57870520320.0
2022-10-12 19:24:40.477325056,,,57173774336.0
2022-10-12 19:24:40.980891904,,,57164427264.0
2022-10-12 19:24:41.477373952,,,59528933376.0
2022-10-12 19:24:41.976291840,,,56722939904.0
2022-10-12 19:24:42.479592960,,,53002960896.0
2022-10-12 19:24:42.980459008,,,54638022656.0
2022-10-12 19:24:43.484105216,,,55251869696.0
2022-10-12 19:24:43.976353024,,,55620354048.0
2022-10-12 19:24:44.476656896,,,54764965888.0
2022-10-12 19:24:44.976974080,,,56501395456.0
2022-10-12 19:24:45.477273088,,,56409075712.0
2022-10-12 19:24:45.976912896,,,59203489792.0
2022-10-12 19:24:46.477219072,,,53302132736.0
2022-10-12 19:24:46.976438016,,,55072452608.0
2022-10-12 19:24:47.476805888,,,58824581120.0
2022-10-12 19:24:47.976375040,,,60463013888.0
2022-10-12 19:24:48.479248896,,,57198620672.0
2022-10-12 19:24:48.977380096,,,56271474688.0
2022-10-12 19:24:49.476388096,,,56705691648.0
2022-10-12 19:24:49.976530176,,,57671954432.0
2022-10-12 19:24:50.476485120,,,59797528576.0
2022-10-12 19:24:50.977106176,,,58455080960.0
2022-10-12 19:24:51.478231808,,,60501925888.0
2022-10-12 19:24:51.976288000,,,61721866240.0
2022-10-12 19:24:52.478207232,,,60927823872.0
2022-10-12 19:24:52.979710976,,,61869985792.0
2022-10-12 19:24:53.482924032,,,63775289344.0
2022-10-12 19:24:53.984573952,,,60665434112.0
2022-10-12 19:24:54.477157120,,,60782333952.0
2022-10-12 19:24:54.976918016,,,61202735104.0
2022-10-12 19:24:55.476370944,,,62375821312.0
2022-10-12 19:24:55.976780032,,,64965152768.0
2022-10-12 19:24:56.480303104,,,63235907584.0
2022-10-12 19:24:56.976466944,,,61127639040.0
2022-10-12 19:24:57.476916992,,,64501723136.0
2022-10-12 19:24:57.976553984,,,67280703488.0
2022-10-12 19:24:58.476598016,,,66373906432.0
2022-10-12 19:24:58.977499904,,,63780429824.0
2022-10-12 19:24:59.477901056,,,67066138624.0
2022-10-12 19:24:59.976701952,,,66673115136.0
2022-10-12 19:25:00.476716032,,,68105019392.0
2022-10-12 19:25:00.976599040,,,68246253568.0
2022-10-12 19:25:01.476859136,,,68690366464.0
2022-10-12 19:25:01.976999168,,,67562188800.0
2022-10-12 19:25:02.476952064,,,68575584256.0
2022-10-12 19:25:02.976325888,,,69750239232.0
2022-10-12 19:25:03.476507904,,,70175444992.0
2022-10-12 19:25:03.976389888,,,70527352832.0
2022-10-12 19:25:04.476644096,,,69130571776.0
2022-10-12 19:25:04.976305920,,,69481918464.0
2022-10-12 19:25:05.476465920,,,68846882816.0
2022-10-12 19:25:05.977821952,,,69736120320.0
2022-10-12 19:25:06.476686848,,,71855087616.0
2022-10-12 19:25:06.976753920,,,69511417856.0
2022-10-12 19:25:07.476940032,,,70599659520.0
2022-10-12 19:25:07.976932096,,,69985497088.0
2022-10-12 19:25:08.476940032,,,72630456320.0
2022-10-12 19:25:08.977110016,,,70253834240.0
2022-10-12 19:25:09.477181952,,,73298530304.0
2022-10-12 19:25:09.976787200,,,72454098944.0
2022-10-12 19:25:10.476551168,,,73283887104.0
2022-10-12 19:25:10.976606976,,,74555969536.0
2022-10-12 19:25:11.489677824,,,69546782720.0
2022-10-12 19:25:11.976919808,,,71702081536.0
2022-10-12 19:25:12.476445952,,,73505243136.0
2022-10-12 19:25:12.976800000,,,72217288704.0
2022-10-12 19:25:13.477647104,,,72874147840.0
2022-10-12 19:25:13.978935040,,,73691422720.0
2022-10-12 19:25:14.479458048,,,74633777152.0
2022-10-12 19:25:14.976730112,,,74612830208.0
2022-10-12 19:25:15.477052928,,,72345272320.0
2022-10-12 19:25:15.976731136,,,73107234816.0
2022-10-12 19:25:16.476467968,,,73507790848.0
2022-10-12 19:25:16.977176832,,,73728090112.0
2022-10-12 19:25:17.477468928,,,75254775808.0
2022-10-12 19:25:17.977298944,,,73424388096.0
2022-10-12 19:25:18.478586880,,,72162246656.0
2022-10-12 19:25:18.980724992,,,74141167616.0
2022-10-12 19:25:19.476815104,,,75043921920.0
2022-10-12 19:25:19.977714176,,,74831233024.0
2022-10-12 19:25:20.476513024,,,74196729856.0
2022-10-12 19:25:20.976980992,,,73493565440.0
2022-10-12 19:25:21.476794880,,,73927233536.0
2022-10-12 19:25:21.976809984,,,75539079168.0
2022-10-12 19:25:22.476744960,,,75750961152.0
2022-10-12 19:25:22.976978944,,,76131422208.0
2022-10-12 19:25:23.485664000,,,75248644096.0
2022-10-12 19:25:23.976491008,,,76517093376.0
2022-10-12 19:25:24.476349952,,,76059074560.0
2022-10-12 19:25:24.976798976,,,77187584000.0
2022-10-12 19:25:25.477049088,,,77030330368.0
2022-10-12 19:25:25.976815872,,,76732092416.0
2022-10-12 19:25:26.476367104,,,75627474944.0
2022-10-12 19:25:26.981081088,,,77112692736.0
2022-10-12 19:25:27.476253952,,,78708310016.0
2022-10-12 19:25:27.976228096,,,76349403136.0
2022-10-12 19:25:28.477274880,,,74500911104.0
2022-10-12 19:25:28.976631040,,,78371840000.0
2022-10-12 19:25:29.476700928,,,76695498752.0
2022-10-12 19:25:29.980916992,,,75174834176.0
2022-10-12 19:25:30.479492864,,,76250357760.0
2022-10-12 19:25:30.978930944,,,76128456704.0
2022-10-12 19:25:31.484231936,,,77559549952.0
2022-10-12 19:25:31.976602112,,,78531309568.0
2022-10-12 19:25:32.476680960,,,77583597568.0
2022-10-12 19:25:32.976327936,,,78575960064.0
2022-10-12 19:25:33.476263936,,,78824214528.0
2022-10-12 19:25:33.976680960,,,77057536000.0
2022-10-12 19:25:34.480812032,,,77170241536.0
2022-10-12 19:25:34.976888832,,,78446534656.0
2022-10-12 19:25:35.476486912,,,80185298944.0
2022-10-12 19:25:35.976525056,,,81185181696.0
2022-10-12 19:25:36.476283136,,,78877257728.0
2022-10-12 19:25:36.976779008,,,80457420800.0
2022-10-12 19:25:37.476897024,,,80482213888.0
2022-10-12 19:25:37.977832960,,,79234359296.0
2022-10-12 19:25:38.476716032,,,77714866176.0
2022-10-12 19:25:38.976808192,,,79936094208.0
2022-10-12 19:25:39.478625024,,,78445301760.0
2022-10-12 19:25:39.976297984,,,79236472832.0
2022-10-12 19:25:40.477231104,,,79138582528.0
2022-10-12 19:25:40.981175808,,,81801289728.0
2022-10-12 19:25:41.484198144,,,82581381120.0
2022-10-12 19:25:41.976283136,,,82519666688.0
2022-10-12 19:25:42.477171968,,,81518108672.0
2022-10-12 19:25:42.977228032,,,81210728448.0
2022-10-12 19:25:43.476574976,,,80107487232.0
2022-10-12 19:25:43.980768000,,,83052048384.0
2022-10-12 19:25:44.481280000,,,82402316288.0
2022-10-12 19:25:44.979440896,,,84468936704.0
2022-10-12 19:25:45.476450816,,,85541928960.0
2022-10-12 19:25:45.981565952,,,87403372544.0
2022-10-12 19:25:46.477193216,,,84174909440.0
2022-10-12 19:25:46.976999936,,,82340261888.0
2022-10-12 19:25:47.477690880,,,80732119040.0
2022-10-12 19:25:47.976356096,,,81434447872.0
2022-10-12 19:25:48.476558080,,,82744258560.0
2022-10-12 19:25:48.976566016,,,81516568576.0
2022-10-12 19:25:49.476777984,,,81845374976.0
2022-10-12 19:25:49.976422144,,,84310872064.0
2022-10-12 19:25:50.476304128,,,81745883136.0
2022-10-12 19:25:50.977287168,,,81451167744.0
2022-10-12 19:25:51.476684032,,,84318797824.0
2022-10-12 19:25:51.976916992,,,84207964160.0
2022-10-12 19:25:52.476428032,,,83940114432.0
2022-10-12 19:25:52.976350976,,,80635645952.0
2022-10-12 19:25:53.480770048,,,82060210176.0
2022-10-12 19:25:53.983248896,,,82531360768.0
2022-10-12 19:25:54.477086976,,,84675096576.0
2022-10-12 19:25:54.981153024,,,80995471360.0
2022-10-12 19:25:55.476670976,,,78973808640.0
2022-10-12 19:25:55.977658112,,,81456578560.0
2022-10-12 19:25:56.484942080,,,78446755840.0
2022-10-12 19:25:56.977096960,,,80122978304.0
2022-10-12 19:25:57.476631040,,,80752222208.0
2022-10-12 19:25:57.976579072,,,81599705088.0
2022-10-12 19:25:58.476452096,,,79112347648.0
2022-10-12 19:25:58.976908800,,,79410110464.0
2022-10-12 19:25:59.476969984,,,79991119872.0
2022-10-12 19:25:59.976227072,,,83229302784.0
2022-10-12 19:26:00.484210944,,,81076707328.0
2022-10-12 19:26:00.983320832,,,81388068864.0
2022-10-12 19:26:01.476514048,,,79523909632.0
2022-10-12 19:26:01.976805888,,,82621722624.0
2022-10-12 19:26:02.476356096,,,83540660224.0
2022-10-12 19:26:02.976457984,,,83926183936.0
2022-10-12 19:26:03.476326912,,,83631017984.0
2022-10-12 19:26:03.976860160,,,81398165504.0
2022-10-12 19:26:04.477147136,,,82040139776.0
2022-10-12 19:26:04.977998848,,,83013222400.0
2022-10-12 19:26:05.480675072,,,84774940672.0
2022-10-12 19:26:05.984431104,,,84469837824.0
2022-10-12 19:26:06.476289024,,,81689231360.0
2022-10-12 19:26:06.977121024,,,82202329088.0
2022-10-12 19:26:07.477405184,,,85269774336.0
2022-10-12 19:26:07.976509184,,,84312096768.0
2022-10-12 19:26:08.476592896,,,82035851264.0
2022-10-12 19:26:08.977144064,,,82840637440.0
2022-10-12 19:26:09.476347904,,,86805463040.0
2022-10-12 19:26:09.976407040,,,88132562944.0
2022-10-12 19:26:10.479290880,,,85666353152.0
2022-10-12 19:26:10.976496896,,,85356204032.0
2022-10-12 19:26:11.478180864,,,88302698496.0
2022-10-12 19:26:11.979330048,,,90224246784.0
2022-10-12 19:26:12.481907968,,,85795319808.0
2022-10-12 19:26:12.977041920,,,84363149312.0
2022-10-12 19:26:13.476963072,,,82979917824.0
2022-10-12 19:26:13.976524032,,,83469987840.0
2022-10-12 19:26:14.477217792,,,83434729472.0
2022-10-12 19:26:14.977229056,,,84449423360.0
2022-10-12 19:26:15.477230080,,,81511288832.0
2022-10-12 19:26:15.977276160,,,82791534592.0
2022-10-12 19:26:16.476946944,,,84922388480.0
2022-10-12 19:26:16.976256000,,,83426373632.0
2022-10-12 19:26:17.477750016,,,83958329344.0
2022-10-12 19:26:17.976684032,,,83474006016.0
2022-10-12 19:26:18.476634880,,,78783008768.0
2022-10-12 19:26:18.976865024,,,81092620288.0
2022-10-12 19:26:19.480848128,,,81417187328.0
2022-10-12 19:26:19.976707840,,,83401281536.0
2022-10-12 19:26:20.476716032,,,83451858944.0
2022-10-12 19:26:20.976627968,,,85068509184.0
2022-10-12 19:26:21.476992000,,,80614604800.0
2022-10-12 19:26:21.976845056,,,82543185920.0
2022-10-12 19:26:22.476699136,,,81179910144.0
2022-10-12 19:26:22.976252928,,,81533243392.0
2022-10-12 19:26:23.476461824,,,84073947136.0
2022-10-12 19:26:23.976617984,,,82119184384.0
2022-10-12 19:26:24.477080064,,,84781404160.0
2022-10-12 19:26:24.977756928,,,85715324928.0
2022-10-12 19:26:25.476247040,,,82420023296.0
2022-10-12 19:26:25.976242944,,,83441741824.0
2022-10-12 19:26:26.485167872,,,81278566400.0
2022-10-12 19:26:26.976357888,,,82079576064.0
2022-10-12 19:26:27.477153024,,,83717836800.0
2022-10-12 19:26:27.976227072,,,81861296128.0
2022-10-12 19:26:28.477238784,,,83411599360.0
2022-10-12 19:26:28.976311040,,,82514501632.0
2022-10-12 19:26:29.477128960,,,83915616256.0
2022-10-12 19:26:29.977137920,,,85777600512.0
2022-10-12 19:26:30.477165824,,,83024379904.0
2022-10-12 19:26:30.976742144,,,81595981824.0
2022-10-12 19:26:31.478032128,,,82218917888.0
2022-10-12 19:26:31.983045120,,,83299508224.0
2022-10-12 19:26:32.476800000,,,82263207936.0
2022-10-12 19:26:32.977881856,,,80354861056.0
2022-10-12 19:26:33.476790784,,,81804914688.0
2022-10-12 19:26:33.980190976,,,81727090688.0
2022-10-12 19:26:34.476500992,,,81159667712.0
2022-10-12 19:26:34.976646912,,,81985347584.0
2022-10-12 19:26:35.476731904,,,81371348992.0
2022-10-12 19:26:35.976397056,,,79595921408.0
2022-10-12 19:26:36.477064960,,,82056462336.0
2022-10-12 19:26:36.976676864,,,81941434368.0
2022-10-12 19:26:37.481905920,,,80386379776.0
2022-10-12 19:26:37.976768000,,,80930603008.0
2022-10-12 19:26:38.478405888,,,81180405760.0
2022-10-12 19:26:38.979476992,,,83493871616.0
2022-10-12 19:26:39.477905920,,,80699817984.0
2022-10-12 19:26:39.976249088,,,80862330880.0
2022-10-12 19:26:40.476325120,,,78562197504.0
2022-10-12 19:26:40.977018112,,,79023759360.0
2022-10-12 19:26:41.476367104,,,80334811136.0
2022-10-12 19:26:41.976429056,,,79512125440.0
2022-10-12 19:26:42.477832192,,,81453961216.0
2022-10-12 19:26:42.978017024,,,80328597504.0
2022-10-12 19:26:43.476598016,,,76417912832.0
2022-10-12 19:26:43.976403968,,,78025953280.0
2022-10-12 19:26:44.479250944,,,77441908736.0
2022-10-12 19:26:44.976552960,,,77744291840.0
2022-10-12 19:26:45.479339008,,,80030765056.0
2022-10-12 19:26:45.982950912,,,80998981632.0
2022-10-12 19:26:46.476339968,,,80323297280.0
2022-10-12 19:26:46.977334016,,,79766605824.0
2022-10-12 19:26:47.476256000,,,75505942528.0
2022-10-12 19:26:47.976416000,,,72754323456.0
2022-10-12 19:26:48.476551936,,,72090382336.0
2022-10-12 19:26:48.976667904,,,71073030144.0
2022-10-12 19:26:49.477246976,,,72766775296.0
2022-10-12 19:26:49.976641792,,,73038032896.0
2022-10-12 19:26:50.479490048,,,74119987200.0
2022-10-12 19:26:50.976525056,,,72402153472.0
2022-10-12 19:26:51.479041024,,,75187376128.0
2022-10-12 19:26:51.977700864,,,72417161216.0
2022-10-12 19:26:52.476376064,,,71581798400.0
2022-10-12 19:26:52.977641984,,,73102155776.0
2022-10-12 19:26:53.476699136,,,71269265408.0
2022-10-12 19:26:53.976353792,,,70433153024.0
2022-10-12 19:26:54.479492864,,,73743659008.0
2022-10-12 19:26:54.983483904,,,71651348480.0
2022-10-12 19:26:55.476633088,,,71033987072.0
2022-10-12 19:26:55.976612096,,,75341471744.0
2022-10-12 19:26:56.476905216,,,73227051008.0
2022-10-12 19:26:56.976336896,,,74901028864.0
2022-10-12 19:26:57.476380160,,,75524788224.0
2022-10-12 19:26:57.977276928,,,73093373952.0
2022-10-12 19:26:58.477027840,,,72531443712.0
2022-10-12 19:26:58.981496064,,,71382835200.0
2022-10-12 19:26:59.476877824,,,69604646912.0
2022-10-12 19:26:59.976413952,,,70288613376.0
2022-10-12 19:27:00.476780032,,,71976775680.0
2022-10-12 19:27:00.976612096,,,73338822656.0
2022-10-12 19:27:01.476985856,,,71354122240.0
2022-10-12 19:27:01.977169920,,,74475466752.0
2022-10-12 19:27:02.476648960,,,75754663936.0
2022-10-12 19:27:02.976409856,,,75105521664.0
2022-10-12 19:27:03.477276928,,,73652256768.0
2022-10-12 19:27:03.976422144,,,70888693760.0
2022-10-12 19:27:04.476905984,,,72130506752.0
2022-10-12 19:27:04.976401920,,,74958839808.0
2022-10-12 19:27:05.476676864,,,74273091584.0
2022-10-12 19:27:05.976551936,,,75172925440.0
2022-10-12 19:27:06.483640064,,,76490575872.0
2022-10-12 19:27:06.976356096,,,72435277824.0
2022-10-12 19:27:07.476903936,,,71024050176.0
2022-10-12 19:27:07.976961024,,,72831057920.0
2022-10-12 19:27:08.476737024,,,71278452736.0
2022-10-12 19:27:08.976378880,,,74367909888.0
2022-10-12 19:27:09.484616960,,,75657453568.0
2022-10-12 19:27:09.977705984,,,72164425728.0
2022-10-12 19:27:10.478280192,,,72114114560.0
2022-10-12 19:27:10.976788992,,,74782363648.0
2022-10-12 19:27:11.477175040,,,72667697152.0
2022-10-12 19:27:11.976293120,,,71612084224.0
2022-10-12 19:27:12.484868096,,,72947851264.0
2022-10-12 19:27:12.976509184,,,76580855808.0
2022-10-12 19:27:13.476637952,,,72697688064.0
2022-10-12 19:27:13.977555968,,,75870093312.0
2022-10-12 19:27:14.476803072,,,75094740992.0
2022-10-12 19:27:14.976544000,,,74421518336.0
2022-10-12 19:27:15.488185856,,,75241152512.0
2022-10-12 19:27:15.976579072,,,74975014912.0
2022-10-12 19:27:16.476967936,,,73040011264.0
2022-10-12 19:27:16.977054976,,,73426399232.0
2022-10-12 19:27:17.476244992,,,71580209152.0
2022-10-12 19:27:17.976737024,,,74531020800.0
2022-10-12 19:27:18.485842944,,,75042410496.0
2022-10-12 19:27:18.976707840,,,77509193728.0
2022-10-12 19:27:19.476684032,,,76651294720.0
2022-10-12 19:27:19.976604928,,,73039704064.0
2022-10-12 19:27:20.476606976,,,73422114816.0
2022-10-12 19:27:20.976701952,,,73887432704.0
2022-10-12 19:27:21.476852992,,,74633846784.0
2022-10-12 19:27:21.977233920,,,73836482560.0
2022-10-12 19:27:22.476289024,,,73120833536.0
2022-10-12 19:27:22.976807168,,,74976731136.0
2022-10-12 19:27:23.485831936,,,72585576448.0
2022-10-12 19:27:23.977054976,,,68107034624.0
2022-10-12 19:27:24.477160960,,,66891849728.0
2022-10-12 19:27:24.976454144,,,68393758720.0
2022-10-12 19:27:25.476567040,,,68907139072.0
2022-10-12 19:27:25.976427008,,,64982642688.0
2022-10-12 19:27:26.479340032,,,63136489472.0
2022-10-12 19:27:26.979676928,,,64315588608.0
2022-10-12 19:27:27.476911104,,,61755863040.0
2022-10-12 19:27:27.976988928,,,60754386944.0
2022-10-12 19:27:28.476335104,,,61062324224.0
2022-10-12 19:27:28.976965888,,,60184584192.0
2022-10-12 19:27:29.476483072,,,55286784000.0
2022-10-12 19:27:29.976748032,,,56021405696.0
2022-10-12 19:27:30.480916992,,,57966702592.0
2022-10-12 19:27:30.977880064,,,54051368960.0
2022-10-12 19:27:31.478693888,,,53628350464.0
2022-10-12 19:27:31.977117184,,,58075226112.0
2022-10-12 19:27:32.476880128,,,57669152768.0
2022-10-12 19:27:32.977186816,,,53347991552.0
2022-10-12 19:27:33.476334080,,,50673750016.0
2022-10-12 19:27:33.976422144,,,53514973184.0
2022-10-12 19:27:34.477499136,,,49776082944.0
2022-10-12 19:27:34.976804096,,,48314380288.0
2022-10-12 19:27:35.484636160,,,50789015552.0
2022-10-12 19:27:35.976561920,,,49976639488.0
2022-10-12 19:27:36.477235968,,,52058542080.0
2022-10-12 19:27:36.976841984,,,52593164288.0
2022-10-12 19:27:37.476648960,,,52094525440.0
2022-10-12 19:27:37.976773120,,,53240926208.0
2022-10-12 19:27:38.476898816,,,51715440640.0
2022-10-12 19:27:38.976403968,,,53790699520.0
2022-10-12 19:27:39.477207808,,,55061643264.0
2022-10-12 19:27:39.977349888,,,55078674432.0
2022-10-12 19:27:40.476633088,,,56406491136.0
2022-10-12 19:27:40.976290048,,,54078324736.0
2022-10-12 19:27:41.476325888,,,54332944384.0
2022-10-12 19:27:41.977051136,,,55245832192.0
2022-10-12 19:27:42.487760128,,,51675525120.0
2022-10-12 19:27:42.976620800,,,50600206336.0
2022-10-12 19:27:43.481775872,,,49613647872.0
2022-10-12 19:27:43.977200128,,,49580875776.0
2022-10-12 19:27:44.476562944,,,44934557696.0
2022-10-12 19:27:44.977310976,,,46841122816.0
2022-10-12 19:27:45.476414976,,,43990679552.0
2022-10-12 19:27:45.977081088,,,41941569536.0
2022-10-12 19:27:46.476343040,,,42244661248.0
2022-10-12 19:27:46.976412928,,,40795123712.0
2022-10-12 19:27:47.476701952,,,41048035328.0
2022-10-12 19:27:47.976717056,,,42280521728.0
2022-10-12 19:27:48.476762112,,,39283146752.0
2022-10-12 19:27:48.976460032,,,39031500800.0
2022-10-12 19:27:49.486445824,,,34882572288.0
2022-10-12 19:27:49.976517888,,,36432760832.0
2022-10-12 19:27:50.476301056,,,33426259968.0
2022-10-12 19:27:50.976412928,,,36652888064.0
2022-10-12 19:27:51.477210880,,,34313777152.0
2022-10-12 19:27:51.977268992,,,35085537280.0
2022-10-12 19:27:52.476450048,,,35787374592.0
2022-10-12 19:27:52.976371968,,,40856563712.0
2022-10-12 19:27:53.476972032,,,38996533248.0
2022-10-12 19:27:53.976382976,,,37358321664.0
2022-10-12 19:27:54.476537088,,,39453757440.0
2022-10-12 19:27:54.976492800,,,40118718464.0
2022-10-12 19:27:55.476419840,,,41118306304.0
2022-10-12 19:27:55.976731904,,,39148187648.0
2022-10-12 19:27:56.477169152,,,36112252928.0
2022-10-12 19:27:56.976606976,,,36033118208.0
2022-10-12 19:27:57.480637184,,,38026199040.0
2022-10-12 19:27:57.983794944,,,33808756736.0
2022-10-12 19:27:58.476304128,,,29430624256.0
2022-10-12 19:27:58.976881920,,,27346845696.0
2022-10-12 19:27:59.477137152,,,30089777152.0
2022-10-12 19:27:59.976248064,,,28385472512.0
2022-10-12 19:28:00.476947968,,,22911770624.0
2022-10-12 19:28:00.976476928,,,21097070592.0
2022-10-12 19:28:01.476652032,,,16843010048.0
2022-10-12 19:28:01.976399872,,,9709760512.0
2022-10-12 19:28:03.520227840,,,3843936256.0
2022-10-12 19:28:04.849425920,,,2554007552.0
